backend,module,output_dim,ranks_str,seq_len,batch_size,max_rank_int,sum_rank_int,median_ms,mean_ms,std_ms,bs_x_max_rank,sum_rank,bs,max_rank,min_rank,mean_rank,total_tokens,var_rank,std_rank,rank_ratio,max_minus_min,max_x_std_rank,bs_x_sum_rank,bs_x_mean_rank,bs_x_min_rank,bs_x_var_rank,sum_x_max_rank,bs_sq_x_max_rank,bs_x_max_rank_sq,tok_x_max_rank,tok_x_sum_rank,tok_x_mean_rank,sqrt_bs_x_max_rank,sqrt_sum_rank,log1p_bs_x_max_rank,log1p_sum_rank,bs_x_max_rank_sq_nl,sum_rank_sq,max_rank_sq
triton,down_proj,4096,"[8, 8, 8, 8]",1,4,8,32,0.023903999477624893,0.02435376023873687,0.0014535968639183784,32.0,32.0,4.0,8.0,8.0,8.0,4.0,0.0,0.0,1.0,0.0,0.0,128.0,32.0,32.0,0.0,256.0,128.0,256.0,32.0,128.0,32.0,5.656854249492381,5.656854249492381,3.4965075614664802,3.4965075614664802,1024.0,1024.0,64.0
triton,down_proj,4096,"[16, 16, 16, 16]",1,4,16,64,0.030719999223947525,0.030437439857050778,0.0026053308475567174,64.0,64.0,4.0,16.0,16.0,16.0,4.0,0.0,0.0,1.0,0.0,0.0,256.0,64.0,64.0,0.0,1024.0,256.0,1024.0,64.0,256.0,64.0,8.0,8.0,4.174387269895637,4.174387269895637,4096.0,4096.0,256.0
triton,down_proj,4096,"[32, 32, 32, 32]",1,4,32,128,0.024639999493956566,0.025478080036118626,0.0028669523016248773,128.0,128.0,4.0,32.0,32.0,32.0,4.0,0.0,0.0,1.0,0.0,0.0,512.0,128.0,128.0,0.0,4096.0,512.0,4096.0,128.0,512.0,128.0,11.313708498984761,11.313708498984761,4.859812404361672,4.859812404361672,16384.0,16384.0,1024.0
triton,down_proj,4096,"[64, 64, 64, 64]",1,4,64,256,0.026623999699950218,0.027156639918684958,0.0016564069999839115,256.0,256.0,4.0,64.0,64.0,64.0,4.0,0.0,0.0,1.0,0.0,0.0,1024.0,256.0,256.0,0.0,16384.0,1024.0,16384.0,256.0,1024.0,256.0,16.0,16.0,5.54907608489522,5.54907608489522,65536.0,65536.0,4096.0
triton,down_proj,4096,"[8, 8, 8, 8, 8, 8, 8, 8]",1,8,8,64,0.02470399998128414,0.02550608016550541,0.0024716680411283444,64.0,64.0,8.0,8.0,8.0,8.0,8.0,0.0,0.0,1.0,0.0,0.0,512.0,64.0,64.0,0.0,512.0,512.0,512.0,64.0,512.0,64.0,8.0,8.0,4.174387269895637,4.174387269895637,4096.0,4096.0,64.0
triton,down_proj,4096,"[16, 16, 16, 16, 16, 16, 16, 16]",1,8,16,128,0.024960000067949295,0.025567360073328018,0.002297276681782888,128.0,128.0,8.0,16.0,16.0,16.0,8.0,0.0,0.0,1.0,0.0,0.0,1024.0,128.0,128.0,0.0,2048.0,1024.0,2048.0,128.0,1024.0,128.0,11.313708498984761,11.313708498984761,4.859812404361672,4.859812404361672,16384.0,16384.0,256.0
triton,down_proj,4096,"[32, 32, 32, 32, 32, 32, 32, 32]",1,8,32,256,0.02473600022494793,0.025092480089515447,0.000927746251932977,256.0,256.0,8.0,32.0,32.0,32.0,8.0,0.0,0.0,1.0,0.0,0.0,2048.0,256.0,256.0,0.0,8192.0,2048.0,8192.0,256.0,2048.0,256.0,16.0,16.0,5.54907608489522,5.54907608489522,65536.0,65536.0,1024.0
triton,down_proj,4096,"[64, 64, 64, 64, 64, 64, 64, 64]",1,8,64,512,0.027648000046610832,0.02802655995823443,0.002944365410522771,512.0,512.0,8.0,64.0,64.0,64.0,8.0,0.0,0.0,1.0,0.0,0.0,4096.0,512.0,512.0,0.0,32768.0,4096.0,32768.0,512.0,4096.0,512.0,22.627416997969522,22.627416997969522,6.240275845170769,6.240275845170769,262144.0,262144.0,4096.0
triton,down_proj,4096,"[8, 8, 8, 8, 8, 8, 8, 8, 8, 8, 8, 8, 8, 8, 8, 8]",1,16,8,128,0.024831999093294144,0.025280640134587883,0.001634576452773193,128.0,128.0,16.0,8.0,8.0,8.0,16.0,0.0,0.0,1.0,0.0,0.0,2048.0,128.0,128.0,0.0,1024.0,2048.0,1024.0,128.0,2048.0,128.0,11.313708498984761,11.313708498984761,4.859812404361672,4.859812404361672,16384.0,16384.0,64.0
triton,down_proj,4096,"[16, 16, 16, 16, 16, 16, 16, 16, 16, 16, 16, 16, 16, 16, 16, 16]",1,16,16,256,0.025599999353289604,0.026184639958664775,0.0026430251379215525,256.0,256.0,16.0,16.0,16.0,16.0,16.0,0.0,0.0,1.0,0.0,0.0,4096.0,256.0,256.0,0.0,4096.0,4096.0,4096.0,256.0,4096.0,256.0,16.0,16.0,5.54907608489522,5.54907608489522,65536.0,65536.0,256.0
triton,down_proj,4096,"[32, 32, 32, 32, 32, 32, 32, 32, 32, 32, 32, 32, 32, 32, 32, 32]",1,16,32,512,0.02537599951028824,0.025720000071451067,0.002435798554595234,512.0,512.0,16.0,32.0,32.0,32.0,16.0,0.0,0.0,1.0,0.0,0.0,8192.0,512.0,512.0,0.0,16384.0,8192.0,16384.0,512.0,8192.0,512.0,22.627416997969522,22.627416997969522,6.240275845170769,6.240275845170769,262144.0,262144.0,1024.0
triton,down_proj,4096,"[64, 64, 64, 64, 64, 64, 64, 64, 64, 64, 64, 64, 64, 64, 64, 64]",1,16,64,1024,0.027648000046610832,0.027871520007029176,0.0023681935688742483,1024.0,1024.0,16.0,64.0,64.0,64.0,16.0,0.0,0.0,1.0,0.0,0.0,16384.0,1024.0,1024.0,0.0,65536.0,16384.0,65536.0,1024.0,16384.0,1024.0,32.0,32.0,6.932447891572509,6.932447891572509,1048576.0,1048576.0,4096.0
triton,down_proj,4096,"[8, 8, 8, 8, 8, 8, 8, 8, 8, 8, 8, 8, 8, 8, 8, 8, 8, 8, 8, 8, 8, 8, 8, 8, 8, 8, 8, 8, 8, 8, 8, 8]",1,32,8,256,0.03110400028526783,0.031065599797293543,0.001862889268955026,256.0,256.0,32.0,8.0,8.0,8.0,32.0,0.0,0.0,1.0,0.0,0.0,8192.0,256.0,256.0,0.0,2048.0,8192.0,2048.0,256.0,8192.0,256.0,16.0,16.0,5.54907608489522,5.54907608489522,65536.0,65536.0,64.0
triton,down_proj,4096,"[16, 16, 16, 16, 16, 16, 16, 16, 16, 16, 16, 16, 16, 16, 16, 16, 16, 16, 16, 16, 16, 16, 16, 16, 16, 16, 16, 16, 16, 16, 16, 16]",1,32,16,512,0.03167999908328056,0.03106847982853651,0.0021576775810364353,512.0,512.0,32.0,16.0,16.0,16.0,32.0,0.0,0.0,1.0,0.0,0.0,16384.0,512.0,512.0,0.0,8192.0,16384.0,8192.0,512.0,16384.0,512.0,22.627416997969522,22.627416997969522,6.240275845170769,6.240275845170769,262144.0,262144.0,256.0
triton,down_proj,4096,"[32, 32, 32, 32, 32, 32, 32, 32, 32, 32, 32, 32, 32, 32, 32, 32, 32, 32, 32, 32, 32, 32, 32, 32, 32, 32, 32, 32, 32, 32, 32, 32]",1,32,32,1024,0.027648000046610832,0.02733487993478775,0.0012181787987673857,1024.0,1024.0,32.0,32.0,32.0,32.0,32.0,0.0,0.0,1.0,0.0,0.0,32768.0,1024.0,1024.0,0.0,32768.0,32768.0,32768.0,1024.0,32768.0,1024.0,32.0,32.0,6.932447891572509,6.932447891572509,1048576.0,1048576.0,1024.0
triton,down_proj,4096,"[64, 64, 64, 64, 64, 64, 64, 64, 64, 64, 64, 64, 64, 64, 64, 64, 64, 64, 64, 64, 64, 64, 64, 64, 64, 64, 64, 64, 64, 64, 64, 64]",1,32,64,2048,0.027648000046610832,0.027962399953976272,0.003123109195074474,2048.0,2048.0,32.0,64.0,64.0,64.0,32.0,0.0,0.0,1.0,0.0,0.0,65536.0,2048.0,2048.0,0.0,131072.0,65536.0,131072.0,2048.0,65536.0,2048.0,45.254833995939045,45.254833995939045,7.6251071482389,7.6251071482389,4194304.0,4194304.0,4096.0
triton,down_proj,4096,"[8, 8, 16, 16]",1,4,16,48,0.02454400062561035,0.02537408025935292,0.004062961372175989,64.0,48.0,4.0,16.0,8.0,12.0,4.0,16.0,4.0,2.0,8.0,64.0,192.0,48.0,32.0,64.0,768.0,256.0,1024.0,64.0,192.0,48.0,8.0,6.928203230275509,4.174387269895637,3.8918202981106265,4096.0,2304.0,256.0
triton,down_proj,4096,"[8, 16, 16, 16]",1,4,16,56,0.02457600086927414,0.02501232021488249,0.0029733684849870307,64.0,56.0,4.0,16.0,8.0,14.0,4.0,12.0,3.4641016151377544,2.0,8.0,55.42562584220407,224.0,56.0,32.0,48.0,896.0,256.0,1024.0,64.0,224.0,56.0,8.0,7.483314773547883,4.174387269895637,4.04305126783455,4096.0,3136.0,256.0
triton,down_proj,4096,"[8, 8, 8, 16]",1,4,16,40,0.02457600086927414,0.025285280188545586,0.002726987149960559,64.0,40.0,4.0,16.0,8.0,10.0,4.0,12.0,3.4641016151377544,2.0,8.0,55.42562584220407,160.0,40.0,32.0,48.0,640.0,256.0,1024.0,64.0,160.0,40.0,8.0,6.324555320336759,4.174387269895637,3.713572066704308,4096.0,1600.0,256.0
triton,down_proj,4096,"[8, 8, 32, 32]",1,4,32,80,0.02457600086927414,0.02483984027057886,0.0020181993100795046,128.0,80.0,4.0,32.0,8.0,20.0,4.0,144.0,12.0,4.0,24.0,384.0,320.0,80.0,32.0,576.0,2560.0,512.0,4096.0,128.0,320.0,80.0,11.313708498984761,8.94427190999916,4.859812404361672,4.394449154672439,16384.0,6400.0,1024.0
triton,down_proj,4096,"[8, 32, 32, 32]",1,4,32,104,0.02457600086927414,0.024768160181120037,0.0016596234712131029,128.0,104.0,4.0,32.0,8.0,26.0,4.0,108.0,10.392304845413264,4.0,24.0,332.55375505322445,416.0,104.0,32.0,432.0,3328.0,512.0,4096.0,128.0,416.0,104.0,11.313708498984761,10.198039027185569,4.859812404361672,4.653960350157523,16384.0,10816.0,1024.0
triton,down_proj,4096,"[8, 8, 8, 32]",1,4,32,56,0.02457600086927414,0.02501440018415451,0.002335666811306086,128.0,56.0,4.0,32.0,8.0,14.0,4.0,108.0,10.392304845413264,4.0,24.0,332.55375505322445,224.0,56.0,32.0,432.0,1792.0,512.0,4096.0,128.0,224.0,56.0,11.313708498984761,7.483314773547883,4.859812404361672,4.04305126783455,16384.0,3136.0,1024.0
triton,down_proj,4096,"[8, 8, 64, 64]",1,4,64,144,0.026623999699950218,0.02656495977193117,0.001204901494651616,256.0,144.0,4.0,64.0,8.0,36.0,4.0,784.0,28.0,8.0,56.0,1792.0,576.0,144.0,32.0,3136.0,9216.0,1024.0,16384.0,256.0,576.0,144.0,16.0,12.0,5.54907608489522,4.976733742420574,65536.0,20736.0,4096.0
triton,down_proj,4096,"[8, 64, 64, 64]",1,4,64,200,0.026623999699950218,0.0266751997359097,0.0016945261285855717,256.0,200.0,4.0,64.0,8.0,50.0,4.0,588.0,24.24871130596428,8.0,56.0,1551.917523581714,800.0,200.0,32.0,2352.0,12800.0,1024.0,16384.0,256.0,800.0,200.0,16.0,14.142135623730951,5.54907608489522,5.303304908059076,65536.0,40000.0,4096.0
triton,down_proj,4096,"[8, 8, 8, 64]",1,4,64,88,0.02651200070977211,0.026653439747169615,0.0018427344336104528,256.0,88.0,4.0,64.0,8.0,22.0,4.0,588.0,24.24871130596428,8.0,56.0,1551.917523581714,352.0,88.0,32.0,2352.0,5632.0,1024.0,16384.0,256.0,352.0,88.0,16.0,9.38083151964686,5.54907608489522,4.48863636973214,65536.0,7744.0,4096.0
triton,down_proj,4096,"[16, 16, 32, 32]",1,4,32,96,0.024480000138282776,0.024384000254794955,0.0010310308770222355,128.0,96.0,4.0,32.0,16.0,24.0,4.0,64.0,8.0,2.0,16.0,256.0,384.0,96.0,64.0,256.0,3072.0,512.0,4096.0,128.0,384.0,96.0,11.313708498984761,9.797958971132712,4.859812404361672,4.574710978503383,16384.0,9216.0,1024.0
triton,down_proj,4096,"[16, 32, 32, 32]",1,4,32,112,0.0244159996509552,0.024474240262061357,0.0014952004820523008,128.0,112.0,4.0,32.0,16.0,28.0,4.0,48.0,6.928203230275509,2.0,16.0,221.70250336881628,448.0,112.0,64.0,192.0,3584.0,512.0,4096.0,128.0,448.0,112.0,11.313708498984761,10.583005244258363,4.859812404361672,4.727387818712341,16384.0,12544.0,1024.0
triton,down_proj,4096,"[16, 16, 16, 32]",1,4,32,80,0.024447999894618988,0.02468160018324852,0.0021884864023911524,128.0,80.0,4.0,32.0,16.0,20.0,4.0,48.0,6.928203230275509,2.0,16.0,221.70250336881628,320.0,80.0,64.0,192.0,2560.0,512.0,4096.0,128.0,320.0,80.0,11.313708498984761,8.94427190999916,4.859812404361672,4.394449154672439,16384.0,6400.0,1024.0
triton,down_proj,4096,"[16, 16, 64, 64]",1,4,64,160,0.026367999613285065,0.026366079729050397,0.001418201828256337,256.0,160.0,4.0,64.0,16.0,40.0,4.0,576.0,24.0,4.0,48.0,1536.0,640.0,160.0,64.0,2304.0,10240.0,1024.0,16384.0,256.0,640.0,160.0,16.0,12.649110640673518,5.54907608489522,5.081404364984463,65536.0,25600.0,4096.0
triton,down_proj,4096,"[16, 64, 64, 64]",1,4,64,208,0.026367999613285065,0.026378719732165337,0.0015507073126898557,256.0,208.0,4.0,64.0,16.0,52.0,4.0,432.0,20.784609690826528,4.0,48.0,1330.2150202128978,832.0,208.0,64.0,1728.0,13312.0,1024.0,16384.0,256.0,832.0,208.0,16.0,14.422205101855956,5.54907608489522,5.342334251964811,65536.0,43264.0,4096.0
triton,down_proj,4096,"[16, 16, 16, 64]",1,4,64,112,0.02627200074493885,0.02649231974966824,0.0020825491236818156,256.0,112.0,4.0,64.0,16.0,28.0,4.0,432.0,20.784609690826528,4.0,48.0,1330.2150202128978,448.0,112.0,64.0,1728.0,7168.0,1024.0,16384.0,256.0,448.0,112.0,16.0,10.583005244258363,5.54907608489522,4.727387818712341,65536.0,12544.0,4096.0
triton,down_proj,4096,"[32, 32, 64, 64]",1,4,64,192,0.02643200010061264,0.026422719713300468,0.0015164104609911963,256.0,192.0,4.0,64.0,32.0,48.0,4.0,256.0,16.0,2.0,32.0,1024.0,768.0,192.0,128.0,1024.0,12288.0,1024.0,16384.0,256.0,768.0,192.0,16.0,13.856406460551018,5.54907608489522,5.262690188904886,65536.0,36864.0,4096.0
triton,down_proj,4096,"[32, 64, 64, 64]",1,4,64,224,0.026607999578118324,0.026533599719405176,0.001620086569791223,256.0,224.0,4.0,64.0,32.0,56.0,4.0,192.0,13.856406460551018,2.0,32.0,886.8100134752651,896.0,224.0,128.0,768.0,14336.0,1024.0,16384.0,256.0,896.0,224.0,16.0,14.966629547095765,5.54907608489522,5.41610040220442,65536.0,50176.0,4096.0
triton,down_proj,4096,"[32, 32, 32, 64]",1,4,64,160,0.026528000831604004,0.026753599774092435,0.002303881678891491,256.0,160.0,4.0,64.0,32.0,40.0,4.0,192.0,13.856406460551018,2.0,32.0,886.8100134752651,640.0,160.0,128.0,768.0,10240.0,1024.0,16384.0,256.0,640.0,160.0,16.0,12.649110640673518,5.54907608489522,5.081404364984463,65536.0,25600.0,4096.0
triton,down_proj,4096,"[8, 8, 8, 8, 16, 16, 16, 16]",1,8,16,96,0.024351999163627625,0.024517920203506946,0.0016505642936800338,128.0,96.0,8.0,16.0,8.0,12.0,8.0,16.0,4.0,2.0,8.0,64.0,768.0,96.0,64.0,128.0,1536.0,1024.0,2048.0,128.0,768.0,96.0,11.313708498984761,9.797958971132712,4.859812404361672,4.574710978503383,16384.0,9216.0,256.0
triton,down_proj,4096,"[8, 8, 16, 16, 16, 16, 16, 16]",1,8,16,112,0.02457600086927414,0.024730080217123033,0.0017926856991435597,128.0,112.0,8.0,16.0,8.0,14.0,8.0,12.0,3.4641016151377544,2.0,8.0,55.42562584220407,896.0,112.0,64.0,96.0,1792.0,1024.0,2048.0,128.0,896.0,112.0,11.313708498984761,10.583005244258363,4.859812404361672,4.727387818712341,16384.0,12544.0,256.0
triton,down_proj,4096,"[8, 8, 8, 8, 8, 8, 16, 16]",1,8,16,80,0.02457600086927414,0.025142240170389414,0.0022694749703470207,128.0,80.0,8.0,16.0,8.0,10.0,8.0,12.0,3.4641016151377544,2.0,8.0,55.42562584220407,640.0,80.0,64.0,96.0,1280.0,1024.0,2048.0,128.0,640.0,80.0,11.313708498984761,8.94427190999916,4.859812404361672,4.394449154672439,16384.0,6400.0,256.0
triton,down_proj,4096,"[8, 8, 8, 8, 32, 32, 32, 32]",1,8,32,160,0.02457600086927414,0.024902560161426664,0.0030517486091772962,256.0,160.0,8.0,32.0,8.0,20.0,8.0,144.0,12.0,4.0,24.0,384.0,1280.0,160.0,64.0,1152.0,5120.0,2048.0,8192.0,256.0,1280.0,160.0,16.0,12.649110640673518,5.54907608489522,5.081404364984463,65536.0,25600.0,1024.0
triton,down_proj,4096,"[8, 8, 32, 32, 32, 32, 32, 32]",1,8,32,208,0.024383999407291412,0.02454960030503571,0.001738434976208796,256.0,208.0,8.0,32.0,8.0,26.0,8.0,108.0,10.392304845413264,4.0,24.0,332.55375505322445,1664.0,208.0,64.0,864.0,6656.0,2048.0,8192.0,256.0,1664.0,208.0,16.0,14.422205101855956,5.54907608489522,5.342334251964811,65536.0,43264.0,1024.0
triton,down_proj,4096,"[8, 8, 8, 8, 8, 8, 32, 32]",1,8,32,112,0.02457600086927414,0.02498160012997687,0.0023808018660904464,256.0,112.0,8.0,32.0,8.0,14.0,8.0,108.0,10.392304845413264,4.0,24.0,332.55375505322445,896.0,112.0,64.0,864.0,3584.0,2048.0,8192.0,256.0,896.0,112.0,16.0,10.583005244258363,5.54907608489522,4.727387818712341,65536.0,12544.0,1024.0
triton,down_proj,4096,"[8, 8, 8, 8, 64, 64, 64, 64]",1,8,64,288,0.026623999699950218,0.026749919755384325,0.0015190907241725978,512.0,288.0,8.0,64.0,8.0,36.0,8.0,784.0,28.0,8.0,56.0,1792.0,2304.0,288.0,64.0,6272.0,18432.0,4096.0,32768.0,512.0,2304.0,288.0,22.627416997969522,16.97056274847714,6.240275845170769,5.666426688112432,262144.0,82944.0,4096.0
triton,down_proj,4096,"[8, 8, 64, 64, 64, 64, 64, 64]",1,8,64,400,0.026623999699950218,0.026492639724165202,0.0014472862016887433,512.0,400.0,8.0,64.0,8.0,50.0,8.0,588.0,24.24871130596428,8.0,56.0,1551.917523581714,3200.0,400.0,64.0,4704.0,25600.0,4096.0,32768.0,512.0,3200.0,400.0,22.627416997969522,20.0,6.240275845170769,5.993961427306569,262144.0,160000.0,4096.0
triton,down_proj,4096,"[8, 8, 8, 8, 8, 8, 64, 64]",1,8,64,176,0.026623999699950218,0.02703791979700327,0.0023217936493411277,512.0,176.0,8.0,64.0,8.0,22.0,8.0,588.0,24.24871130596428,8.0,56.0,1551.917523581714,1408.0,176.0,64.0,4704.0,11264.0,4096.0,32768.0,512.0,1408.0,176.0,22.627416997969522,13.2664991614216,6.240275845170769,5.176149732573829,262144.0,30976.0,4096.0
triton,down_proj,4096,"[16, 16, 16, 16, 32, 32, 32, 32]",1,8,32,192,0.024464000016450882,0.024466400211676956,0.0010580315530889376,256.0,192.0,8.0,32.0,16.0,24.0,8.0,64.0,8.0,2.0,16.0,256.0,1536.0,192.0,128.0,512.0,6144.0,2048.0,8192.0,256.0,1536.0,192.0,16.0,13.856406460551018,5.54907608489522,5.262690188904886,65536.0,36864.0,1024.0
triton,down_proj,4096,"[16, 16, 32, 32, 32, 32, 32, 32]",1,8,32,224,0.0244159996509552,0.024589120140299202,0.0018294463084211293,256.0,224.0,8.0,32.0,16.0,28.0,8.0,48.0,6.928203230275509,2.0,16.0,221.70250336881628,1792.0,224.0,128.0,384.0,7168.0,2048.0,8192.0,256.0,1792.0,224.0,16.0,14.966629547095765,5.54907608489522,5.41610040220442,65536.0,50176.0,1024.0
triton,down_proj,4096,"[16, 16, 16, 16, 16, 16, 32, 32]",1,8,32,160,0.02457600086927414,0.024942400185391306,0.0023424934995040195,256.0,160.0,8.0,32.0,16.0,20.0,8.0,48.0,6.928203230275509,2.0,16.0,221.70250336881628,1280.0,160.0,128.0,384.0,5120.0,2048.0,8192.0,256.0,1280.0,160.0,16.0,12.649110640673518,5.54907608489522,5.081404364984463,65536.0,25600.0,1024.0
triton,down_proj,4096,"[16, 16, 16, 16, 64, 64, 64, 64]",1,8,64,320,0.02628799993544817,0.026204639663919806,0.0007803173159901171,512.0,320.0,8.0,64.0,16.0,40.0,8.0,576.0,24.0,4.0,48.0,1536.0,2560.0,320.0,128.0,4608.0,20480.0,4096.0,32768.0,512.0,2560.0,320.0,22.627416997969522,17.88854381999832,6.240275845170769,5.771441123130016,262144.0,102400.0,4096.0
triton,down_proj,4096,"[16, 16, 64, 64, 64, 64, 64, 64]",1,8,64,416,0.026623999699950218,0.02641759972088039,0.001084732931189525,512.0,416.0,8.0,64.0,16.0,52.0,8.0,432.0,20.784609690826528,4.0,48.0,1330.2150202128978,3328.0,416.0,128.0,3456.0,26624.0,4096.0,32768.0,512.0,3328.0,416.0,22.627416997969522,20.396078054371138,6.240275845170769,6.0330862217988015,262144.0,173056.0,4096.0
triton,down_proj,4096,"[16, 16, 16, 16, 16, 16, 64, 64]",1,8,64,224,0.026623999699950218,0.027170719839632512,0.002392050469147759,512.0,224.0,8.0,64.0,16.0,28.0,8.0,432.0,20.784609690826528,4.0,48.0,1330.2150202128978,1792.0,224.0,128.0,3456.0,14336.0,4096.0,32768.0,512.0,1792.0,224.0,22.627416997969522,14.966629547095765,6.240275845170769,5.41610040220442,262144.0,50176.0,4096.0
triton,down_proj,4096,"[32, 32, 32, 32, 64, 64, 64, 64]",1,8,64,384,0.026623999699950218,0.026486399760469796,0.0008326767273107109,512.0,384.0,8.0,64.0,32.0,48.0,8.0,256.0,16.0,2.0,32.0,1024.0,3072.0,384.0,256.0,2048.0,24576.0,4096.0,32768.0,512.0,3072.0,384.0,22.627416997969522,19.595917942265423,6.240275845170769,5.953243334287785,262144.0,147456.0,4096.0
triton,down_proj,4096,"[32, 32, 64, 64, 64, 64, 64, 64]",1,8,64,448,0.026623999699950218,0.0263673597201705,0.0007720956389026497,512.0,448.0,8.0,64.0,32.0,56.0,8.0,192.0,13.856406460551018,2.0,32.0,886.8100134752651,3584.0,448.0,256.0,1536.0,28672.0,4096.0,32768.0,512.0,3584.0,448.0,22.627416997969522,21.166010488516726,6.240275845170769,6.1070228877422545,262144.0,200704.0,4096.0
triton,down_proj,4096,"[32, 32, 32, 32, 32, 32, 64, 64]",1,8,64,320,0.026623999699950218,0.02707199982367456,0.0018950351600292516,512.0,320.0,8.0,64.0,32.0,40.0,8.0,192.0,13.856406460551018,2.0,32.0,886.8100134752651,2560.0,320.0,256.0,1536.0,20480.0,4096.0,32768.0,512.0,2560.0,320.0,22.627416997969522,17.88854381999832,6.240275845170769,5.771441123130016,262144.0,102400.0,4096.0
triton,down_proj,4096,"[8, 8, 8, 8, 8, 8, 8, 8, 16, 16, 16, 16, 16, 16, 16, 16]",1,16,16,192,0.023919999599456787,0.02420608018524945,0.0010097490635419628,256.0,192.0,16.0,16.0,8.0,12.0,16.0,16.0,4.0,2.0,8.0,64.0,3072.0,192.0,128.0,256.0,3072.0,4096.0,4096.0,256.0,3072.0,192.0,16.0,13.856406460551018,5.54907608489522,5.262690188904886,65536.0,36864.0,256.0
triton,down_proj,4096,"[8, 8, 8, 8, 16, 16, 16, 16, 16, 16, 16, 16, 16, 16, 16, 16]",1,16,16,224,0.02436799928545952,0.02434944024309516,0.0009076800932162078,256.0,224.0,16.0,16.0,8.0,14.0,16.0,12.0,3.4641016151377544,2.0,8.0,55.42562584220407,3584.0,224.0,128.0,192.0,3584.0,4096.0,4096.0,256.0,3584.0,224.0,16.0,14.966629547095765,5.54907608489522,5.41610040220442,65536.0,50176.0,256.0
triton,down_proj,4096,"[8, 8, 8, 8, 8, 8, 8, 8, 8, 8, 8, 8, 16, 16, 16, 16]",1,16,16,160,0.02454400062561035,0.024896800247952343,0.0023792412953899224,256.0,160.0,16.0,16.0,8.0,10.0,16.0,12.0,3.4641016151377544,2.0,8.0,55.42562584220407,2560.0,160.0,128.0,192.0,2560.0,4096.0,4096.0,256.0,2560.0,160.0,16.0,12.649110640673518,5.54907608489522,5.081404364984463,65536.0,25600.0,256.0
triton,down_proj,4096,"[8, 8, 8, 8, 8, 8, 8, 8, 32, 32, 32, 32, 32, 32, 32, 32]",1,16,32,320,0.023903999477624893,0.02423424020409584,0.001088257576638728,512.0,320.0,16.0,32.0,8.0,20.0,16.0,144.0,12.0,4.0,24.0,384.0,5120.0,320.0,128.0,2304.0,10240.0,8192.0,16384.0,512.0,5120.0,320.0,22.627416997969522,17.88854381999832,6.240275845170769,5.771441123130016,262144.0,102400.0,1024.0
triton,down_proj,4096,"[8, 8, 8, 8, 32, 32, 32, 32, 32, 32, 32, 32, 32, 32, 32, 32]",1,16,32,416,0.024320000782608986,0.024310880266129972,0.001237462656899316,512.0,416.0,16.0,32.0,8.0,26.0,16.0,108.0,10.392304845413264,4.0,24.0,332.55375505322445,6656.0,416.0,128.0,1728.0,13312.0,8192.0,16384.0,512.0,6656.0,416.0,22.627416997969522,20.396078054371138,6.240275845170769,6.0330862217988015,262144.0,173056.0,1024.0
triton,down_proj,4096,"[8, 8, 8, 8, 8, 8, 8, 8, 8, 8, 8, 8, 32, 32, 32, 32]",1,16,32,224,0.02457600086927414,0.024947680179029704,0.0025464031904861915,512.0,224.0,16.0,32.0,8.0,14.0,16.0,108.0,10.392304845413264,4.0,24.0,332.55375505322445,3584.0,224.0,128.0,1728.0,7168.0,8192.0,16384.0,512.0,3584.0,224.0,22.627416997969522,14.966629547095765,6.240275845170769,5.41610040220442,262144.0,50176.0,1024.0
triton,down_proj,4096,"[8, 8, 8, 8, 8, 8, 8, 8, 64, 64, 64, 64, 64, 64, 64, 64]",1,16,64,576,0.026623999699950218,0.026780319791287185,0.0011297551078673826,1024.0,576.0,16.0,64.0,8.0,36.0,16.0,784.0,28.0,8.0,56.0,1792.0,9216.0,576.0,128.0,12544.0,36864.0,16384.0,65536.0,1024.0,9216.0,576.0,32.0,24.0,6.932447891572509,6.3578422665081,1048576.0,331776.0,4096.0
triton,down_proj,4096,"[8, 8, 8, 8, 64, 64, 64, 64, 64, 64, 64, 64, 64, 64, 64, 64]",1,16,64,800,0.026623999699950218,0.02662143973633647,0.001274429512030391,1024.0,800.0,16.0,64.0,8.0,50.0,16.0,588.0,24.24871130596428,8.0,56.0,1551.917523581714,12800.0,800.0,128.0,9408.0,51200.0,16384.0,65536.0,1024.0,12800.0,800.0,32.0,28.284271247461902,6.932447891572509,6.68586094706836,1048576.0,640000.0,4096.0
triton,down_proj,4096,"[8, 8, 8, 8, 8, 8, 8, 8, 8, 8, 8, 8, 64, 64, 64, 64]",1,16,64,352,0.026623999699950218,0.02743599984794855,0.0036212018453138425,1024.0,352.0,16.0,64.0,8.0,22.0,16.0,588.0,24.24871130596428,8.0,56.0,1551.917523581714,5632.0,352.0,128.0,9408.0,22528.0,16384.0,65536.0,1024.0,5632.0,352.0,32.0,18.76166303929372,6.932447891572509,5.8664680569332965,1048576.0,123904.0,4096.0
triton,down_proj,4096,"[16, 16, 16, 16, 16, 16, 16, 16, 32, 32, 32, 32, 32, 32, 32, 32]",1,16,32,384,0.02457600086927414,0.024508320251479743,0.0008908432356664824,512.0,384.0,16.0,32.0,16.0,24.0,16.0,64.0,8.0,2.0,16.0,256.0,6144.0,384.0,256.0,1024.0,12288.0,8192.0,16384.0,512.0,6144.0,384.0,22.627416997969522,19.595917942265423,6.240275845170769,5.953243334287785,262144.0,147456.0,1024.0
triton,down_proj,4096,"[16, 16, 16, 16, 32, 32, 32, 32, 32, 32, 32, 32, 32, 32, 32, 32]",1,16,32,448,0.024480000138282776,0.02439648034982383,0.0008551773642562961,512.0,448.0,16.0,32.0,16.0,28.0,16.0,48.0,6.928203230275509,2.0,16.0,221.70250336881628,7168.0,448.0,256.0,768.0,14336.0,8192.0,16384.0,512.0,7168.0,448.0,22.627416997969522,21.166010488516726,6.240275845170769,6.1070228877422545,262144.0,200704.0,1024.0
triton,down_proj,4096,"[16, 16, 16, 16, 16, 16, 16, 16, 16, 16, 16, 16, 32, 32, 32, 32]",1,16,32,320,0.023919999599456787,0.024147200314328075,0.0008823881047845353,512.0,320.0,16.0,32.0,16.0,20.0,16.0,48.0,6.928203230275509,2.0,16.0,221.70250336881628,5120.0,320.0,256.0,768.0,10240.0,8192.0,16384.0,512.0,5120.0,320.0,22.627416997969522,17.88854381999832,6.240275845170769,5.771441123130016,262144.0,102400.0,1024.0
triton,down_proj,4096,"[16, 16, 16, 16, 16, 16, 16, 16, 64, 64, 64, 64, 64, 64, 64, 64]",1,16,64,640,0.026623999699950218,0.026695999810472132,0.0008836507986123007,1024.0,640.0,16.0,64.0,16.0,40.0,16.0,576.0,24.0,4.0,48.0,1536.0,10240.0,640.0,256.0,9216.0,40960.0,16384.0,65536.0,1024.0,10240.0,640.0,32.0,25.298221281347036,6.932447891572509,6.46302945692067,1048576.0,409600.0,4096.0
triton,down_proj,4096,"[16, 16, 16, 16, 64, 64, 64, 64, 64, 64, 64, 64, 64, 64, 64, 64]",1,16,64,832,0.026623999699950218,0.02662031974643469,0.0010527182871377986,1024.0,832.0,16.0,64.0,16.0,52.0,16.0,432.0,20.784609690826528,4.0,48.0,1330.2150202128978,13312.0,832.0,256.0,6912.0,53248.0,16384.0,65536.0,1024.0,13312.0,832.0,32.0,28.844410203711913,6.932447891572509,6.725033642166843,1048576.0,692224.0,4096.0
triton,down_proj,4096,"[16, 16, 16, 16, 16, 16, 16, 16, 16, 16, 16, 16, 64, 64, 64, 64]",1,16,64,448,0.026623999699950218,0.026498879762366413,0.0008938844356224097,1024.0,448.0,16.0,64.0,16.0,28.0,16.0,432.0,20.784609690826528,4.0,48.0,1330.2150202128978,7168.0,448.0,256.0,6912.0,28672.0,16384.0,65536.0,1024.0,7168.0,448.0,32.0,21.166010488516726,6.932447891572509,6.1070228877422545,1048576.0,200704.0,4096.0
triton,down_proj,4096,"[32, 32, 32, 32, 32, 32, 32, 32, 64, 64, 64, 64, 64, 64, 64, 64]",1,16,64,768,0.026623999699950218,0.02650815973058343,0.0009420322955927133,1024.0,768.0,16.0,64.0,32.0,48.0,16.0,256.0,16.0,2.0,32.0,1024.0,12288.0,768.0,512.0,4096.0,49152.0,16384.0,65536.0,1024.0,12288.0,768.0,32.0,27.712812921102035,6.932447891572509,6.645090969505644,1048576.0,589824.0,4096.0
triton,down_proj,4096,"[32, 32, 32, 32, 64, 64, 64, 64, 64, 64, 64, 64, 64, 64, 64, 64]",1,16,64,896,0.026623999699950218,0.026336799757555127,0.0010053423537793329,1024.0,896.0,16.0,64.0,32.0,56.0,16.0,192.0,13.856406460551018,2.0,32.0,886.8100134752651,14336.0,896.0,512.0,3072.0,57344.0,16384.0,65536.0,1024.0,14336.0,896.0,32.0,29.93325909419153,6.932447891572509,6.799055862058796,1048576.0,802816.0,4096.0
triton,down_proj,4096,"[32, 32, 32, 32, 32, 32, 32, 32, 32, 32, 32, 32, 64, 64, 64, 64]",1,16,64,640,0.026623999699950218,0.026841279827058317,0.0008983604725993675,1024.0,640.0,16.0,64.0,32.0,40.0,16.0,192.0,13.856406460551018,2.0,32.0,886.8100134752651,10240.0,640.0,512.0,3072.0,40960.0,16384.0,65536.0,1024.0,10240.0,640.0,32.0,25.298221281347036,6.932447891572509,6.46302945692067,1048576.0,409600.0,4096.0
triton,down_proj,4096,"[8, 8, 8, 8, 8, 8, 8, 8, 8, 8, 8, 8, 8, 8, 8, 8, 16, 16, 16, 16, 16, 16, 16, 16, 16, 16, 16, 16, 16, 16, 16, 16]",1,32,16,384,0.02457600086927414,0.02452112041413784,0.000713322762093749,512.0,384.0,32.0,16.0,8.0,12.0,32.0,16.0,4.0,2.0,8.0,64.0,12288.0,384.0,256.0,512.0,6144.0,16384.0,8192.0,512.0,12288.0,384.0,22.627416997969522,19.595917942265423,6.240275845170769,5.953243334287785,262144.0,147456.0,256.0
triton,down_proj,4096,"[8, 8, 8, 8, 8, 8, 8, 8, 16, 16, 16, 16, 16, 16, 16, 16, 16, 16, 16, 16, 16, 16, 16, 16, 16, 16, 16, 16, 16, 16, 16, 16]",1,32,16,448,0.02457600086927414,0.024675200283527373,0.0007215696369637973,512.0,448.0,32.0,16.0,8.0,14.0,32.0,12.0,3.4641016151377544,2.0,8.0,55.42562584220407,14336.0,448.0,256.0,384.0,7168.0,16384.0,8192.0,512.0,14336.0,448.0,22.627416997969522,21.166010488516726,6.240275845170769,6.1070228877422545,262144.0,200704.0,256.0
triton,down_proj,4096,"[8, 8, 8, 8, 8, 8, 8, 8, 8, 8, 8, 8, 8, 8, 8, 8, 8, 8, 8, 8, 8, 8, 8, 8, 16, 16, 16, 16, 16, 16, 16, 16]",1,32,16,320,0.025359999388456345,0.025320160062983633,0.001313010025684497,512.0,320.0,32.0,16.0,8.0,10.0,32.0,12.0,3.4641016151377544,2.0,8.0,55.42562584220407,10240.0,320.0,256.0,384.0,5120.0,16384.0,8192.0,512.0,10240.0,320.0,22.627416997969522,17.88854381999832,6.240275845170769,5.771441123130016,262144.0,102400.0,256.0
triton,down_proj,4096,"[8, 8, 8, 8, 8, 8, 8, 8, 8, 8, 8, 8, 8, 8, 8, 8, 32, 32, 32, 32, 32, 32, 32, 32, 32, 32, 32, 32, 32, 32, 32, 32]",1,32,32,640,0.027648000046610832,0.027401919942349195,0.0009466453668648615,1024.0,640.0,32.0,32.0,8.0,20.0,32.0,144.0,12.0,4.0,24.0,384.0,20480.0,640.0,256.0,4608.0,20480.0,32768.0,32768.0,1024.0,20480.0,640.0,32.0,25.298221281347036,6.932447891572509,6.46302945692067,1048576.0,409600.0,1024.0
triton,down_proj,4096,"[8, 8, 8, 8, 8, 8, 8, 8, 32, 32, 32, 32, 32, 32, 32, 32, 32, 32, 32, 32, 32, 32, 32, 32, 32, 32, 32, 32, 32, 32, 32, 32]",1,32,32,832,0.02699200063943863,0.027247199919074774,0.0008732890914863956,1024.0,832.0,32.0,32.0,8.0,26.0,32.0,108.0,10.392304845413264,4.0,24.0,332.55375505322445,26624.0,832.0,256.0,3456.0,26624.0,32768.0,32768.0,1024.0,26624.0,832.0,32.0,28.844410203711913,6.932447891572509,6.725033642166843,1048576.0,692224.0,1024.0
triton,down_proj,4096,"[8, 8, 8, 8, 8, 8, 8, 8, 8, 8, 8, 8, 8, 8, 8, 8, 8, 8, 8, 8, 8, 8, 8, 8, 32, 32, 32, 32, 32, 32, 32, 32]",1,32,32,448,0.02638399973511696,0.026208159709349275,0.000702729777421062,1024.0,448.0,32.0,32.0,8.0,14.0,32.0,108.0,10.392304845413264,4.0,24.0,332.55375505322445,14336.0,448.0,256.0,3456.0,14336.0,32768.0,32768.0,1024.0,14336.0,448.0,32.0,21.166010488516726,6.932447891572509,6.1070228877422545,1048576.0,200704.0,1024.0
triton,down_proj,4096,"[8, 8, 8, 8, 8, 8, 8, 8, 8, 8, 8, 8, 8, 8, 8, 8, 64, 64, 64, 64, 64, 64, 64, 64, 64, 64, 64, 64, 64, 64, 64, 64]",1,32,64,1152,0.026623999699950218,0.026937279850244522,0.0015788380661306079,2048.0,1152.0,32.0,64.0,8.0,36.0,32.0,784.0,28.0,8.0,56.0,1792.0,36864.0,1152.0,256.0,25088.0,73728.0,65536.0,131072.0,2048.0,36864.0,1152.0,45.254833995939045,33.94112549695428,7.6251071482389,7.050122520269059,4194304.0,1327104.0,4096.0
triton,down_proj,4096,"[8, 8, 8, 8, 8, 8, 8, 8, 64, 64, 64, 64, 64, 64, 64, 64, 64, 64, 64, 64, 64, 64, 64, 64, 64, 64, 64, 64, 64, 64, 64, 64]",1,32,64,1600,0.026623999699950218,0.026862719831988215,0.001669022905874287,2048.0,1600.0,32.0,64.0,8.0,50.0,32.0,588.0,24.24871130596428,8.0,56.0,1551.917523581714,51200.0,1600.0,256.0,18816.0,102400.0,65536.0,131072.0,2048.0,51200.0,1600.0,45.254833995939045,40.0,7.6251071482389,7.3783837129967145,4194304.0,2560000.0,4096.0
triton,down_proj,4096,"[8, 8, 8, 8, 8, 8, 8, 8, 8, 8, 8, 8, 8, 8, 8, 8, 8, 8, 8, 8, 8, 8, 8, 8, 64, 64, 64, 64, 64, 64, 64, 64]",1,32,64,704,0.026623999699950218,0.02704655987210572,0.0029271049538098864,2048.0,704.0,32.0,64.0,8.0,22.0,32.0,588.0,24.24871130596428,8.0,56.0,1551.917523581714,22528.0,704.0,256.0,18816.0,45056.0,65536.0,131072.0,2048.0,22528.0,704.0,45.254833995939045,26.5329983228432,7.6251071482389,6.558197802812269,4194304.0,495616.0,4096.0
triton,down_proj,4096,"[16, 16, 16, 16, 16, 16, 16, 16, 16, 16, 16, 16, 16, 16, 16, 16, 32, 32, 32, 32, 32, 32, 32, 32, 32, 32, 32, 32, 32, 32, 32, 32]",1,32,32,768,0.026623999699950218,0.026407199716195463,0.0008597135941681026,1024.0,768.0,32.0,32.0,16.0,24.0,32.0,64.0,8.0,2.0,16.0,256.0,24576.0,768.0,512.0,2048.0,24576.0,32768.0,32768.0,1024.0,24576.0,768.0,32.0,27.712812921102035,6.932447891572509,6.645090969505644,1048576.0,589824.0,1024.0
triton,down_proj,4096,"[16, 16, 16, 16, 16, 16, 16, 16, 32, 32, 32, 32, 32, 32, 32, 32, 32, 32, 32, 32, 32, 32, 32, 32, 32, 32, 32, 32, 32, 32, 32, 32]",1,32,32,896,0.026623999699950218,0.026741759767755866,0.0019226057556706126,1024.0,896.0,32.0,32.0,16.0,28.0,32.0,48.0,6.928203230275509,2.0,16.0,221.70250336881628,28672.0,896.0,512.0,1536.0,28672.0,32768.0,32768.0,1024.0,28672.0,896.0,32.0,29.93325909419153,6.932447891572509,6.799055862058796,1048576.0,802816.0,1024.0
triton,down_proj,4096,"[16, 16, 16, 16, 16, 16, 16, 16, 16, 16, 16, 16, 16, 16, 16, 16, 16, 16, 16, 16, 16, 16, 16, 16, 32, 32, 32, 32, 32, 32, 32, 32]",1,32,32,640,0.02659199945628643,0.026322079738602042,0.0007590653048317384,1024.0,640.0,32.0,32.0,16.0,20.0,32.0,48.0,6.928203230275509,2.0,16.0,221.70250336881628,20480.0,640.0,512.0,1536.0,20480.0,32768.0,32768.0,1024.0,20480.0,640.0,32.0,25.298221281347036,6.932447891572509,6.46302945692067,1048576.0,409600.0,1024.0
triton,down_proj,4096,"[16, 16, 16, 16, 16, 16, 16, 16, 16, 16, 16, 16, 16, 16, 16, 16, 64, 64, 64, 64, 64, 64, 64, 64, 64, 64, 64, 64, 64, 64, 64, 64]",1,32,64,1280,0.026623999699950218,0.026325759729370474,0.0016102449508344657,2048.0,1280.0,32.0,64.0,16.0,40.0,32.0,576.0,24.0,4.0,48.0,1536.0,40960.0,1280.0,512.0,18432.0,81920.0,65536.0,131072.0,2048.0,40960.0,1280.0,45.254833995939045,35.77708763999664,7.6251071482389,7.155396301896734,4194304.0,1638400.0,4096.0
triton,down_proj,4096,"[16, 16, 16, 16, 16, 16, 16, 16, 64, 64, 64, 64, 64, 64, 64, 64, 64, 64, 64, 64, 64, 64, 64, 64, 64, 64, 64, 64, 64, 64, 64, 64]",1,32,64,1664,0.026623999699950218,0.026799839828163384,0.0014002991112199257,2048.0,1664.0,32.0,64.0,16.0,52.0,32.0,432.0,20.784609690826528,4.0,48.0,1330.2150202128978,53248.0,1664.0,512.0,13824.0,106496.0,65536.0,131072.0,2048.0,53248.0,1664.0,45.254833995939045,40.792156108742276,7.6251071482389,7.417580402414544,4194304.0,2768896.0,4096.0
triton,down_proj,4096,"[16, 16, 16, 16, 16, 16, 16, 16, 16, 16, 16, 16, 16, 16, 16, 16, 16, 16, 16, 16, 16, 16, 16, 16, 64, 64, 64, 64, 64, 64, 64, 64]",1,32,64,896,0.026623999699950218,0.026613119933754207,0.0028624682529424616,2048.0,896.0,32.0,64.0,16.0,28.0,32.0,432.0,20.784609690826528,4.0,48.0,1330.2150202128978,28672.0,896.0,512.0,13824.0,57344.0,65536.0,131072.0,2048.0,28672.0,896.0,45.254833995939045,29.93325909419153,7.6251071482389,6.799055862058796,4194304.0,802816.0,4096.0
triton,down_proj,4096,"[32, 32, 32, 32, 32, 32, 32, 32, 32, 32, 32, 32, 32, 32, 32, 32, 64, 64, 64, 64, 64, 64, 64, 64, 64, 64, 64, 64, 64, 64, 64, 64]",1,32,64,1536,0.026623999699950218,0.026639679707586766,0.0018472538188106604,2048.0,1536.0,32.0,64.0,32.0,48.0,32.0,256.0,16.0,2.0,32.0,1024.0,49152.0,1536.0,1024.0,8192.0,98304.0,65536.0,131072.0,2048.0,49152.0,1536.0,45.254833995939045,39.191835884530846,7.6251071482389,7.337587743538596,4194304.0,2359296.0,4096.0
triton,down_proj,4096,"[32, 32, 32, 32, 32, 32, 32, 32, 64, 64, 64, 64, 64, 64, 64, 64, 64, 64, 64, 64, 64, 64, 64, 64, 64, 64, 64, 64, 64, 64, 64, 64]",1,32,64,1792,0.026623999699950218,0.026724159754812717,0.0015573264383283711,2048.0,1792.0,32.0,64.0,32.0,56.0,32.0,192.0,13.856406460551018,2.0,32.0,886.8100134752651,57344.0,1792.0,1024.0,6144.0,114688.0,65536.0,131072.0,2048.0,57344.0,1792.0,45.254833995939045,42.33202097703345,7.6251071482389,7.491645473605133,4194304.0,3211264.0,4096.0
triton,down_proj,4096,"[32, 32, 32, 32, 32, 32, 32, 32, 32, 32, 32, 32, 32, 32, 32, 32, 32, 32, 32, 32, 32, 32, 32, 32, 64, 64, 64, 64, 64, 64, 64, 64]",1,32,64,1280,0.026623999699950218,0.026529279779642822,0.0018992743512298413,2048.0,1280.0,32.0,64.0,32.0,40.0,32.0,192.0,13.856406460551018,2.0,32.0,886.8100134752651,40960.0,1280.0,1024.0,6144.0,81920.0,65536.0,131072.0,2048.0,40960.0,1280.0,45.254833995939045,35.77708763999664,7.6251071482389,7.155396301896734,4194304.0,1638400.0,4096.0
csgmv,down_proj,4096,"[8, 8, 8, 8]",1,4,8,32,0.023552000522613525,0.023963840110227466,0.0015587786736131577,32.0,32.0,4.0,8.0,8.0,8.0,4.0,0.0,0.0,1.0,0.0,0.0,128.0,32.0,32.0,0.0,256.0,128.0,256.0,32.0,128.0,32.0,5.656854249492381,5.656854249492381,3.4965075614664802,3.4965075614664802,1024.0,1024.0,64.0
csgmv,down_proj,4096,"[16, 16, 16, 16]",1,4,16,64,0.024480000138282776,0.024440000224858524,0.0010820059021170172,64.0,64.0,4.0,16.0,16.0,16.0,4.0,0.0,0.0,1.0,0.0,0.0,256.0,64.0,64.0,0.0,1024.0,256.0,1024.0,64.0,256.0,64.0,8.0,8.0,4.174387269895637,4.174387269895637,4096.0,4096.0,256.0
csgmv,down_proj,4096,"[32, 32, 32, 32]",1,4,32,128,0.023631999269127846,0.024126080265268683,0.002836829688755724,128.0,128.0,4.0,32.0,32.0,32.0,4.0,0.0,0.0,1.0,0.0,0.0,512.0,128.0,128.0,0.0,4096.0,512.0,4096.0,128.0,512.0,128.0,11.313708498984761,11.313708498984761,4.859812404361672,4.859812404361672,16384.0,16384.0,1024.0
csgmv,down_proj,4096,"[64, 64, 64, 64]",1,4,64,256,0.023951999843120575,0.02421600027009845,0.0011700792924610557,256.0,256.0,4.0,64.0,64.0,64.0,4.0,0.0,0.0,1.0,0.0,0.0,1024.0,256.0,256.0,0.0,16384.0,1024.0,16384.0,256.0,1024.0,256.0,16.0,16.0,5.54907608489522,5.54907608489522,65536.0,65536.0,4096.0
csgmv,down_proj,4096,"[8, 8, 8, 8, 8, 8, 8, 8]",1,8,8,64,0.02417599968612194,0.02431520018726587,0.0016306496514720298,64.0,64.0,8.0,8.0,8.0,8.0,8.0,0.0,0.0,1.0,0.0,0.0,512.0,64.0,64.0,0.0,512.0,512.0,512.0,64.0,512.0,64.0,8.0,8.0,4.174387269895637,4.174387269895637,4096.0,4096.0,64.0
csgmv,down_proj,4096,"[16, 16, 16, 16, 16, 16, 16, 16]",1,8,16,128,0.023744000121951103,0.024011840242892504,0.0008497510550922743,128.0,128.0,8.0,16.0,16.0,16.0,8.0,0.0,0.0,1.0,0.0,0.0,1024.0,128.0,128.0,0.0,2048.0,1024.0,2048.0,128.0,1024.0,128.0,11.313708498984761,11.313708498984761,4.859812404361672,4.859812404361672,16384.0,16384.0,256.0
csgmv,down_proj,4096,"[32, 32, 32, 32, 32, 32, 32, 32]",1,8,32,256,0.02377600036561489,0.024095360208302736,0.0010666706381963571,256.0,256.0,8.0,32.0,32.0,32.0,8.0,0.0,0.0,1.0,0.0,0.0,2048.0,256.0,256.0,0.0,8192.0,2048.0,8192.0,256.0,2048.0,256.0,16.0,16.0,5.54907608489522,5.54907608489522,65536.0,65536.0,1024.0
csgmv,down_proj,4096,"[64, 64, 64, 64, 64, 64, 64, 64]",1,8,64,512,0.02473600022494793,0.02504944022744894,0.0007048231957994859,512.0,512.0,8.0,64.0,64.0,64.0,8.0,0.0,0.0,1.0,0.0,0.0,4096.0,512.0,512.0,0.0,32768.0,4096.0,32768.0,512.0,4096.0,512.0,22.627416997969522,22.627416997969522,6.240275845170769,6.240275845170769,262144.0,262144.0,4096.0
csgmv,down_proj,4096,"[8, 8, 8, 8, 8, 8, 8, 8, 8, 8, 8, 8, 8, 8, 8, 8]",1,16,8,128,0.02396799996495247,0.024168160231783985,0.000794135273537811,128.0,128.0,16.0,8.0,8.0,8.0,16.0,0.0,0.0,1.0,0.0,0.0,2048.0,128.0,128.0,0.0,1024.0,2048.0,1024.0,128.0,2048.0,128.0,11.313708498984761,11.313708498984761,4.859812404361672,4.859812404361672,16384.0,16384.0,64.0
csgmv,down_proj,4096,"[16, 16, 16, 16, 16, 16, 16, 16, 16, 16, 16, 16, 16, 16, 16, 16]",1,16,16,256,0.024320000782608986,0.024199360217899084,0.0006849473813169023,256.0,256.0,16.0,16.0,16.0,16.0,16.0,0.0,0.0,1.0,0.0,0.0,4096.0,256.0,256.0,0.0,4096.0,4096.0,4096.0,256.0,4096.0,256.0,16.0,16.0,5.54907608489522,5.54907608489522,65536.0,65536.0,256.0
csgmv,down_proj,4096,"[32, 32, 32, 32, 32, 32, 32, 32, 32, 32, 32, 32, 32, 32, 32, 32]",1,16,32,512,0.024879999458789825,0.025076000215485693,0.0007757238211045334,512.0,512.0,16.0,32.0,32.0,32.0,16.0,0.0,0.0,1.0,0.0,0.0,8192.0,512.0,512.0,0.0,16384.0,8192.0,16384.0,512.0,8192.0,512.0,22.627416997969522,22.627416997969522,6.240275845170769,6.240275845170769,262144.0,262144.0,1024.0
csgmv,down_proj,4096,"[64, 64, 64, 64, 64, 64, 64, 64, 64, 64, 64, 64, 64, 64, 64, 64]",1,16,64,1024,0.026623999699950218,0.026818559812381862,0.0011428005445746172,1024.0,1024.0,16.0,64.0,64.0,64.0,16.0,0.0,0.0,1.0,0.0,0.0,16384.0,1024.0,1024.0,0.0,65536.0,16384.0,65536.0,1024.0,16384.0,1024.0,32.0,32.0,6.932447891572509,6.932447891572509,1048576.0,1048576.0,4096.0
csgmv,down_proj,4096,"[8, 8, 8, 8, 8, 8, 8, 8, 8, 8, 8, 8, 8, 8, 8, 8, 8, 8, 8, 8, 8, 8, 8, 8, 8, 8, 8, 8, 8, 8, 8, 8]",1,32,8,256,0.025280000641942024,0.02517808010801673,0.0006971450714527,256.0,256.0,32.0,8.0,8.0,8.0,32.0,0.0,0.0,1.0,0.0,0.0,8192.0,256.0,256.0,0.0,2048.0,8192.0,2048.0,256.0,8192.0,256.0,16.0,16.0,5.54907608489522,5.54907608489522,65536.0,65536.0,64.0
csgmv,down_proj,4096,"[16, 16, 16, 16, 16, 16, 16, 16, 16, 16, 16, 16, 16, 16, 16, 16, 16, 16, 16, 16, 16, 16, 16, 16, 16, 16, 16, 16, 16, 16, 16, 16]",1,32,16,512,0.02537599951028824,0.025350559996441008,0.0007523829265800309,512.0,512.0,32.0,16.0,16.0,16.0,32.0,0.0,0.0,1.0,0.0,0.0,16384.0,512.0,512.0,0.0,8192.0,16384.0,8192.0,512.0,16384.0,512.0,22.627416997969522,22.627416997969522,6.240275845170769,6.240275845170769,262144.0,262144.0,256.0
csgmv,down_proj,4096,"[32, 32, 32, 32, 32, 32, 32, 32, 32, 32, 32, 32, 32, 32, 32, 32, 32, 32, 32, 32, 32, 32, 32, 32, 32, 32, 32, 32, 32, 32, 32, 32]",1,32,32,1024,0.02571200020611286,0.026107999673113228,0.0008931436356809775,1024.0,1024.0,32.0,32.0,32.0,32.0,32.0,0.0,0.0,1.0,0.0,0.0,32768.0,1024.0,1024.0,0.0,32768.0,32768.0,32768.0,1024.0,32768.0,1024.0,32.0,32.0,6.932447891572509,6.932447891572509,1048576.0,1048576.0,1024.0
csgmv,down_proj,4096,"[64, 64, 64, 64, 64, 64, 64, 64, 64, 64, 64, 64, 64, 64, 64, 64, 64, 64, 64, 64, 64, 64, 64, 64, 64, 64, 64, 64, 64, 64, 64, 64]",1,32,64,2048,0.026895999908447266,0.027389279920607804,0.0016705159282880298,2048.0,2048.0,32.0,64.0,64.0,64.0,32.0,0.0,0.0,1.0,0.0,0.0,65536.0,2048.0,2048.0,0.0,131072.0,65536.0,131072.0,2048.0,65536.0,2048.0,45.254833995939045,45.254833995939045,7.6251071482389,7.6251071482389,4194304.0,4194304.0,4096.0
csgmv,down_proj,4096,"[8, 8, 16, 16]",1,4,16,48,0.02369599975645542,0.024110720148310064,0.0011987527329751983,64.0,48.0,4.0,16.0,8.0,12.0,4.0,16.0,4.0,2.0,8.0,64.0,192.0,48.0,32.0,64.0,768.0,256.0,1024.0,64.0,192.0,48.0,8.0,6.928203230275509,4.174387269895637,3.8918202981106265,4096.0,2304.0,256.0
csgmv,down_proj,4096,"[8, 16, 16, 16]",1,4,16,56,0.023552000522613525,0.023699040217325093,0.0007878442921857051,64.0,56.0,4.0,16.0,8.0,14.0,4.0,12.0,3.4641016151377544,2.0,8.0,55.42562584220407,224.0,56.0,32.0,48.0,896.0,256.0,1024.0,64.0,224.0,56.0,8.0,7.483314773547883,4.174387269895637,4.04305126783455,4096.0,3136.0,256.0
csgmv,down_proj,4096,"[8, 8, 8, 16]",1,4,16,40,0.023679999634623528,0.023933920226991177,0.0007987002384795223,64.0,40.0,4.0,16.0,8.0,10.0,4.0,12.0,3.4641016151377544,2.0,8.0,55.42562584220407,160.0,40.0,32.0,48.0,640.0,256.0,1024.0,64.0,160.0,40.0,8.0,6.324555320336759,4.174387269895637,3.713572066704308,4096.0,1600.0,256.0
csgmv,down_proj,4096,"[8, 8, 32, 32]",1,4,32,80,0.023631999269127846,0.023861760143190622,0.0007394823287320296,128.0,80.0,4.0,32.0,8.0,20.0,4.0,144.0,12.0,4.0,24.0,384.0,320.0,80.0,32.0,576.0,2560.0,512.0,4096.0,128.0,320.0,80.0,11.313708498984761,8.94427190999916,4.859812404361672,4.394449154672439,16384.0,6400.0,1024.0
csgmv,down_proj,4096,"[8, 32, 32, 32]",1,4,32,104,0.023792000487446785,0.02402016024105251,0.0007515798535926857,128.0,104.0,4.0,32.0,8.0,26.0,4.0,108.0,10.392304845413264,4.0,24.0,332.55375505322445,416.0,104.0,32.0,432.0,3328.0,512.0,4096.0,128.0,416.0,104.0,11.313708498984761,10.198039027185569,4.859812404361672,4.653960350157523,16384.0,10816.0,1024.0
csgmv,down_proj,4096,"[8, 8, 8, 32]",1,4,32,56,0.023552000522613525,0.02369328019209206,0.0008202510201389885,128.0,56.0,4.0,32.0,8.0,14.0,4.0,108.0,10.392304845413264,4.0,24.0,332.55375505322445,224.0,56.0,32.0,432.0,1792.0,512.0,4096.0,128.0,224.0,56.0,11.313708498984761,7.483314773547883,4.859812404361672,4.04305126783455,16384.0,3136.0,1024.0
csgmv,down_proj,4096,"[8, 8, 64, 64]",1,4,64,144,0.023584000766277313,0.02384592021815479,0.001003464508128616,256.0,144.0,4.0,64.0,8.0,36.0,4.0,784.0,28.0,8.0,56.0,1792.0,576.0,144.0,32.0,3136.0,9216.0,1024.0,16384.0,256.0,576.0,144.0,16.0,12.0,5.54907608489522,4.976733742420574,65536.0,20736.0,4096.0
csgmv,down_proj,4096,"[8, 64, 64, 64]",1,4,64,200,0.023711999878287315,0.023946720166131853,0.0007125536382593937,256.0,200.0,4.0,64.0,8.0,50.0,4.0,588.0,24.24871130596428,8.0,56.0,1551.917523581714,800.0,200.0,32.0,2352.0,12800.0,1024.0,16384.0,256.0,800.0,200.0,16.0,14.142135623730951,5.54907608489522,5.303304908059076,65536.0,40000.0,4096.0
csgmv,down_proj,4096,"[8, 8, 8, 64]",1,4,64,88,0.024224000051617622,0.02421760025434196,0.0009797959358645199,256.0,88.0,4.0,64.0,8.0,22.0,4.0,588.0,24.24871130596428,8.0,56.0,1551.917523581714,352.0,88.0,32.0,2352.0,5632.0,1024.0,16384.0,256.0,352.0,88.0,16.0,9.38083151964686,5.54907608489522,4.48863636973214,65536.0,7744.0,4096.0
csgmv,down_proj,4096,"[16, 16, 32, 32]",1,4,32,96,0.023856000043451786,0.024088000217452644,0.0008184793648644519,128.0,96.0,4.0,32.0,16.0,24.0,4.0,64.0,8.0,2.0,16.0,256.0,384.0,96.0,64.0,256.0,3072.0,512.0,4096.0,128.0,384.0,96.0,11.313708498984761,9.797958971132712,4.859812404361672,4.574710978503383,16384.0,9216.0,1024.0
csgmv,down_proj,4096,"[16, 32, 32, 32]",1,4,32,112,0.023760000243782997,0.024064160250127316,0.0008325137342770845,128.0,112.0,4.0,32.0,16.0,28.0,4.0,48.0,6.928203230275509,2.0,16.0,221.70250336881628,448.0,112.0,64.0,192.0,3584.0,512.0,4096.0,128.0,448.0,112.0,11.313708498984761,10.583005244258363,4.859812404361672,4.727387818712341,16384.0,12544.0,1024.0
csgmv,down_proj,4096,"[16, 16, 16, 32]",1,4,32,80,0.02364799939095974,0.02390608019195497,0.0007738647579735191,128.0,80.0,4.0,32.0,16.0,20.0,4.0,48.0,6.928203230275509,2.0,16.0,221.70250336881628,320.0,80.0,64.0,192.0,2560.0,512.0,4096.0,128.0,320.0,80.0,11.313708498984761,8.94427190999916,4.859812404361672,4.394449154672439,16384.0,6400.0,1024.0
csgmv,down_proj,4096,"[16, 16, 64, 64]",1,4,64,160,0.023871999233961105,0.024080480206757782,0.0008713933711107848,256.0,160.0,4.0,64.0,16.0,40.0,4.0,576.0,24.0,4.0,48.0,1536.0,640.0,160.0,64.0,2304.0,10240.0,1024.0,16384.0,256.0,640.0,160.0,16.0,12.649110640673518,5.54907608489522,5.081404364984463,65536.0,25600.0,4096.0
csgmv,down_proj,4096,"[16, 64, 64, 64]",1,4,64,208,0.023744000121951103,0.023956320248544216,0.0008430659159509186,256.0,208.0,4.0,64.0,16.0,52.0,4.0,432.0,20.784609690826528,4.0,48.0,1330.2150202128978,832.0,208.0,64.0,1728.0,13312.0,1024.0,16384.0,256.0,832.0,208.0,16.0,14.422205101855956,5.54907608489522,5.342334251964811,65536.0,43264.0,4096.0
csgmv,down_proj,4096,"[16, 16, 16, 64]",1,4,64,112,0.024383999407291412,0.024323200304061175,0.0007437092534676147,256.0,112.0,4.0,64.0,16.0,28.0,4.0,432.0,20.784609690826528,4.0,48.0,1330.2150202128978,448.0,112.0,64.0,1728.0,7168.0,1024.0,16384.0,256.0,448.0,112.0,16.0,10.583005244258363,5.54907608489522,4.727387818712341,65536.0,12544.0,4096.0
csgmv,down_proj,4096,"[32, 32, 64, 64]",1,4,64,192,0.02417599968612194,0.024147360268980265,0.0007169992683967281,256.0,192.0,4.0,64.0,32.0,48.0,4.0,256.0,16.0,2.0,32.0,1024.0,768.0,192.0,128.0,1024.0,12288.0,1024.0,16384.0,256.0,768.0,192.0,16.0,13.856406460551018,5.54907608489522,5.262690188904886,65536.0,36864.0,4096.0
csgmv,down_proj,4096,"[32, 64, 64, 64]",1,4,64,224,0.023552000522613525,0.02370352021418512,0.0008692961868133441,256.0,224.0,4.0,64.0,32.0,56.0,4.0,192.0,13.856406460551018,2.0,32.0,886.8100134752651,896.0,224.0,128.0,768.0,14336.0,1024.0,16384.0,256.0,896.0,224.0,16.0,14.966629547095765,5.54907608489522,5.41610040220442,65536.0,50176.0,4096.0
csgmv,down_proj,4096,"[32, 32, 32, 64]",1,4,64,160,0.023840000852942467,0.024066880233585834,0.0008605037844103173,256.0,160.0,4.0,64.0,32.0,40.0,4.0,192.0,13.856406460551018,2.0,32.0,886.8100134752651,640.0,160.0,128.0,768.0,10240.0,1024.0,16384.0,256.0,640.0,160.0,16.0,12.649110640673518,5.54907608489522,5.081404364984463,65536.0,25600.0,4096.0
csgmv,down_proj,4096,"[8, 8, 8, 8, 16, 16, 16, 16]",1,8,16,96,0.023520000278949738,0.023484960133209824,0.0008948312852652132,128.0,96.0,8.0,16.0,8.0,12.0,8.0,16.0,4.0,2.0,8.0,64.0,768.0,96.0,64.0,128.0,1536.0,1024.0,2048.0,128.0,768.0,96.0,11.313708498984761,9.797958971132712,4.859812404361672,4.574710978503383,16384.0,9216.0,256.0
csgmv,down_proj,4096,"[8, 8, 16, 16, 16, 16, 16, 16]",1,8,16,112,0.023792000487446785,0.0240494401846081,0.0008114684821779746,128.0,112.0,8.0,16.0,8.0,14.0,8.0,12.0,3.4641016151377544,2.0,8.0,55.42562584220407,896.0,112.0,64.0,96.0,1792.0,1024.0,2048.0,128.0,896.0,112.0,11.313708498984761,10.583005244258363,4.859812404361672,4.727387818712341,16384.0,12544.0,256.0
csgmv,down_proj,4096,"[8, 8, 8, 8, 8, 8, 16, 16]",1,8,16,80,0.023744000121951103,0.02400400025770068,0.0007258566759651435,128.0,80.0,8.0,16.0,8.0,10.0,8.0,12.0,3.4641016151377544,2.0,8.0,55.42562584220407,640.0,80.0,64.0,96.0,1280.0,1024.0,2048.0,128.0,640.0,80.0,11.313708498984761,8.94427190999916,4.859812404361672,4.394449154672439,16384.0,6400.0,256.0
csgmv,down_proj,4096,"[8, 8, 8, 8, 32, 32, 32, 32]",1,8,32,160,0.023840000852942467,0.024049760308116674,0.0007471345453843905,256.0,160.0,8.0,32.0,8.0,20.0,8.0,144.0,12.0,4.0,24.0,384.0,1280.0,160.0,64.0,1152.0,5120.0,2048.0,8192.0,256.0,1280.0,160.0,16.0,12.649110640673518,5.54907608489522,5.081404364984463,65536.0,25600.0,1024.0
csgmv,down_proj,4096,"[8, 8, 32, 32, 32, 32, 32, 32]",1,8,32,208,0.024288000538945198,0.024213920198380947,0.000836936614018281,256.0,208.0,8.0,32.0,8.0,26.0,8.0,108.0,10.392304845413264,4.0,24.0,332.55375505322445,1664.0,208.0,64.0,864.0,6656.0,2048.0,8192.0,256.0,1664.0,208.0,16.0,14.422205101855956,5.54907608489522,5.342334251964811,65536.0,43264.0,1024.0
csgmv,down_proj,4096,"[8, 8, 8, 8, 8, 8, 32, 32]",1,8,32,112,0.0244159996509552,0.02431408024393022,0.0005596074725533106,256.0,112.0,8.0,32.0,8.0,14.0,8.0,108.0,10.392304845413264,4.0,24.0,332.55375505322445,896.0,112.0,64.0,864.0,3584.0,2048.0,8192.0,256.0,896.0,112.0,16.0,10.583005244258363,5.54907608489522,4.727387818712341,65536.0,12544.0,1024.0
csgmv,down_proj,4096,"[8, 8, 8, 8, 64, 64, 64, 64]",1,8,64,288,0.02457600086927414,0.024827040396630765,0.0009496565911726536,512.0,288.0,8.0,64.0,8.0,36.0,8.0,784.0,28.0,8.0,56.0,1792.0,2304.0,288.0,64.0,6272.0,18432.0,4096.0,32768.0,512.0,2304.0,288.0,22.627416997969522,16.97056274847714,6.240275845170769,5.666426688112432,262144.0,82944.0,4096.0
csgmv,down_proj,4096,"[8, 8, 64, 64, 64, 64, 64, 64]",1,8,64,400,0.025599999353289604,0.02549871986731887,0.000987441116508995,512.0,400.0,8.0,64.0,8.0,50.0,8.0,588.0,24.24871130596428,8.0,56.0,1551.917523581714,3200.0,400.0,64.0,4704.0,25600.0,4096.0,32768.0,512.0,3200.0,400.0,22.627416997969522,20.0,6.240275845170769,5.993961427306569,262144.0,160000.0,4096.0
csgmv,down_proj,4096,"[8, 8, 8, 8, 8, 8, 64, 64]",1,8,64,176,0.02425600029528141,0.024260160168632864,0.0009150003074710751,512.0,176.0,8.0,64.0,8.0,22.0,8.0,588.0,24.24871130596428,8.0,56.0,1551.917523581714,1408.0,176.0,64.0,4704.0,11264.0,4096.0,32768.0,512.0,1408.0,176.0,22.627416997969522,13.2664991614216,6.240275845170769,5.176149732573829,262144.0,30976.0,4096.0
csgmv,down_proj,4096,"[16, 16, 16, 16, 32, 32, 32, 32]",1,8,32,192,0.024224000051617622,0.024265920175239444,0.0009622660804092633,256.0,192.0,8.0,32.0,16.0,24.0,8.0,64.0,8.0,2.0,16.0,256.0,1536.0,192.0,128.0,512.0,6144.0,2048.0,8192.0,256.0,1536.0,192.0,16.0,13.856406460551018,5.54907608489522,5.262690188904886,65536.0,36864.0,1024.0
csgmv,down_proj,4096,"[16, 16, 32, 32, 32, 32, 32, 32]",1,8,32,224,0.024047999642789364,0.024169440222904084,0.0007173769228485997,256.0,224.0,8.0,32.0,16.0,28.0,8.0,48.0,6.928203230275509,2.0,16.0,221.70250336881628,1792.0,224.0,128.0,384.0,7168.0,2048.0,8192.0,256.0,1792.0,224.0,16.0,14.966629547095765,5.54907608489522,5.41610040220442,65536.0,50176.0,1024.0
csgmv,down_proj,4096,"[16, 16, 16, 16, 16, 16, 32, 32]",1,8,32,160,0.023903999477624893,0.024150880267843605,0.0008375774732840067,256.0,160.0,8.0,32.0,16.0,20.0,8.0,48.0,6.928203230275509,2.0,16.0,221.70250336881628,1280.0,160.0,128.0,384.0,5120.0,2048.0,8192.0,256.0,1280.0,160.0,16.0,12.649110640673518,5.54907608489522,5.081404364984463,65536.0,25600.0,1024.0
csgmv,down_proj,4096,"[16, 16, 16, 16, 64, 64, 64, 64]",1,8,64,320,0.0249439999461174,0.025084480168297885,0.000702666059852762,512.0,320.0,8.0,64.0,16.0,40.0,8.0,576.0,24.0,4.0,48.0,1536.0,2560.0,320.0,128.0,4608.0,20480.0,4096.0,32768.0,512.0,2560.0,320.0,22.627416997969522,17.88854381999832,6.240275845170769,5.771441123130016,262144.0,102400.0,4096.0
csgmv,down_proj,4096,"[16, 16, 64, 64, 64, 64, 64, 64]",1,8,64,416,0.02537599951028824,0.025272800074890255,0.0006368112688812655,512.0,416.0,8.0,64.0,16.0,52.0,8.0,432.0,20.784609690826528,4.0,48.0,1330.2150202128978,3328.0,416.0,128.0,3456.0,26624.0,4096.0,32768.0,512.0,3328.0,416.0,22.627416997969522,20.396078054371138,6.240275845170769,6.0330862217988015,262144.0,173056.0,4096.0
csgmv,down_proj,4096,"[16, 16, 16, 16, 16, 16, 64, 64]",1,8,64,224,0.023903999477624893,0.024088160246610642,0.000729820996005053,512.0,224.0,8.0,64.0,16.0,28.0,8.0,432.0,20.784609690826528,4.0,48.0,1330.2150202128978,1792.0,224.0,128.0,3456.0,14336.0,4096.0,32768.0,512.0,1792.0,224.0,22.627416997969522,14.966629547095765,6.240275845170769,5.41610040220442,262144.0,50176.0,4096.0
csgmv,down_proj,4096,"[32, 32, 32, 32, 64, 64, 64, 64]",1,8,64,384,0.02521600015461445,0.025121280206367374,0.0006513222570773846,512.0,384.0,8.0,64.0,32.0,48.0,8.0,256.0,16.0,2.0,32.0,1024.0,3072.0,384.0,256.0,2048.0,24576.0,4096.0,32768.0,512.0,3072.0,384.0,22.627416997969522,19.595917942265423,6.240275845170769,5.953243334287785,262144.0,147456.0,4096.0
csgmv,down_proj,4096,"[32, 32, 64, 64, 64, 64, 64, 64]",1,8,64,448,0.02457600086927414,0.024815520225092768,0.0007261528678371697,512.0,448.0,8.0,64.0,32.0,56.0,8.0,192.0,13.856406460551018,2.0,32.0,886.8100134752651,3584.0,448.0,256.0,1536.0,28672.0,4096.0,32768.0,512.0,3584.0,448.0,22.627416997969522,21.166010488516726,6.240275845170769,6.1070228877422545,262144.0,200704.0,4096.0
csgmv,down_proj,4096,"[32, 32, 32, 32, 32, 32, 64, 64]",1,8,64,320,0.02364799939095974,0.023990720277652144,0.0008564085880327627,512.0,320.0,8.0,64.0,32.0,40.0,8.0,192.0,13.856406460551018,2.0,32.0,886.8100134752651,2560.0,320.0,256.0,1536.0,20480.0,4096.0,32768.0,512.0,2560.0,320.0,22.627416997969522,17.88854381999832,6.240275845170769,5.771441123130016,262144.0,102400.0,4096.0
csgmv,down_proj,4096,"[8, 8, 8, 8, 8, 8, 8, 8, 16, 16, 16, 16, 16, 16, 16, 16]",1,16,16,192,0.024288000538945198,0.024320800192654132,0.0008848878078060663,256.0,192.0,16.0,16.0,8.0,12.0,16.0,16.0,4.0,2.0,8.0,64.0,3072.0,192.0,128.0,256.0,3072.0,4096.0,4096.0,256.0,3072.0,192.0,16.0,13.856406460551018,5.54907608489522,5.262690188904886,65536.0,36864.0,256.0
csgmv,down_proj,4096,"[8, 8, 8, 8, 16, 16, 16, 16, 16, 16, 16, 16, 16, 16, 16, 16]",1,16,16,224,0.023744000121951103,0.024081600261852146,0.0008636073113356638,256.0,224.0,16.0,16.0,8.0,14.0,16.0,12.0,3.4641016151377544,2.0,8.0,55.42562584220407,3584.0,224.0,128.0,192.0,3584.0,4096.0,4096.0,256.0,3584.0,224.0,16.0,14.966629547095765,5.54907608489522,5.41610040220442,65536.0,50176.0,256.0
csgmv,down_proj,4096,"[8, 8, 8, 8, 8, 8, 8, 8, 8, 8, 8, 8, 16, 16, 16, 16]",1,16,16,160,0.02393599972128868,0.024130080211907625,0.0008672831231535481,256.0,160.0,16.0,16.0,8.0,10.0,16.0,12.0,3.4641016151377544,2.0,8.0,55.42562584220407,2560.0,160.0,128.0,192.0,2560.0,4096.0,4096.0,256.0,2560.0,160.0,16.0,12.649110640673518,5.54907608489522,5.081404364984463,65536.0,25600.0,256.0
csgmv,down_proj,4096,"[8, 8, 8, 8, 8, 8, 8, 8, 32, 32, 32, 32, 32, 32, 32, 32]",1,16,32,320,0.02457600086927414,0.02464208036661148,0.0007232854034873511,512.0,320.0,16.0,32.0,8.0,20.0,16.0,144.0,12.0,4.0,24.0,384.0,5120.0,320.0,128.0,2304.0,10240.0,8192.0,16384.0,512.0,5120.0,320.0,22.627416997969522,17.88854381999832,6.240275845170769,5.771441123130016,262144.0,102400.0,1024.0
csgmv,down_proj,4096,"[8, 8, 8, 8, 32, 32, 32, 32, 32, 32, 32, 32, 32, 32, 32, 32]",1,16,32,416,0.02457600086927414,0.024516000272706152,0.0006809756677034681,512.0,416.0,16.0,32.0,8.0,26.0,16.0,108.0,10.392304845413264,4.0,24.0,332.55375505322445,6656.0,416.0,128.0,1728.0,13312.0,8192.0,16384.0,512.0,6656.0,416.0,22.627416997969522,20.396078054371138,6.240275845170769,6.0330862217988015,262144.0,173056.0,1024.0
csgmv,down_proj,4096,"[8, 8, 8, 8, 8, 8, 8, 8, 8, 8, 8, 8, 32, 32, 32, 32]",1,16,32,224,0.02457600086927414,0.02450304029509425,0.000992480656379166,512.0,224.0,16.0,32.0,8.0,14.0,16.0,108.0,10.392304845413264,4.0,24.0,332.55375505322445,3584.0,224.0,128.0,1728.0,7168.0,8192.0,16384.0,512.0,3584.0,224.0,22.627416997969522,14.966629547095765,6.240275845170769,5.41610040220442,262144.0,50176.0,1024.0
csgmv,down_proj,4096,"[8, 8, 8, 8, 8, 8, 8, 8, 64, 64, 64, 64, 64, 64, 64, 64]",1,16,64,576,0.026623999699950218,0.02663951980881393,0.000973815242062793,1024.0,576.0,16.0,64.0,8.0,36.0,16.0,784.0,28.0,8.0,56.0,1792.0,9216.0,576.0,128.0,12544.0,36864.0,16384.0,65536.0,1024.0,9216.0,576.0,32.0,24.0,6.932447891572509,6.3578422665081,1048576.0,331776.0,4096.0
csgmv,down_proj,4096,"[8, 8, 8, 8, 64, 64, 64, 64, 64, 64, 64, 64, 64, 64, 64, 64]",1,16,64,800,0.02590399980545044,0.02620575965382159,0.000925057543871269,1024.0,800.0,16.0,64.0,8.0,50.0,16.0,588.0,24.24871130596428,8.0,56.0,1551.917523581714,12800.0,800.0,128.0,9408.0,51200.0,16384.0,65536.0,1024.0,12800.0,800.0,32.0,28.284271247461902,6.932447891572509,6.68586094706836,1048576.0,640000.0,4096.0
csgmv,down_proj,4096,"[8, 8, 8, 8, 8, 8, 8, 8, 8, 8, 8, 8, 64, 64, 64, 64]",1,16,64,352,0.025968000292778015,0.026180799724534153,0.0007317145856807644,1024.0,352.0,16.0,64.0,8.0,22.0,16.0,588.0,24.24871130596428,8.0,56.0,1551.917523581714,5632.0,352.0,128.0,9408.0,22528.0,16384.0,65536.0,1024.0,5632.0,352.0,32.0,18.76166303929372,6.932447891572509,5.8664680569332965,1048576.0,123904.0,4096.0
csgmv,down_proj,4096,"[16, 16, 16, 16, 16, 16, 16, 16, 32, 32, 32, 32, 32, 32, 32, 32]",1,16,32,384,0.02457600086927414,0.024445600379258393,0.0007221297112379288,512.0,384.0,16.0,32.0,16.0,24.0,16.0,64.0,8.0,2.0,16.0,256.0,6144.0,384.0,256.0,1024.0,12288.0,8192.0,16384.0,512.0,6144.0,384.0,22.627416997969522,19.595917942265423,6.240275845170769,5.953243334287785,262144.0,147456.0,1024.0
csgmv,down_proj,4096,"[16, 16, 16, 16, 32, 32, 32, 32, 32, 32, 32, 32, 32, 32, 32, 32]",1,16,32,448,0.02457600086927414,0.02450080033391714,0.0006125199686100519,512.0,448.0,16.0,32.0,16.0,28.0,16.0,48.0,6.928203230275509,2.0,16.0,221.70250336881628,7168.0,448.0,256.0,768.0,14336.0,8192.0,16384.0,512.0,7168.0,448.0,22.627416997969522,21.166010488516726,6.240275845170769,6.1070228877422545,262144.0,200704.0,1024.0
csgmv,down_proj,4096,"[16, 16, 16, 16, 16, 16, 16, 16, 16, 16, 16, 16, 32, 32, 32, 32]",1,16,32,320,0.024383999407291412,0.024302240330725908,0.0008426985593949119,512.0,320.0,16.0,32.0,16.0,20.0,16.0,48.0,6.928203230275509,2.0,16.0,221.70250336881628,5120.0,320.0,256.0,768.0,10240.0,8192.0,16384.0,512.0,5120.0,320.0,22.627416997969522,17.88854381999832,6.240275845170769,5.771441123130016,262144.0,102400.0,1024.0
csgmv,down_proj,4096,"[16, 16, 16, 16, 16, 16, 16, 16, 64, 64, 64, 64, 64, 64, 64, 64]",1,16,64,640,0.026623999699950218,0.02665903980843723,0.001165690385136431,1024.0,640.0,16.0,64.0,16.0,40.0,16.0,576.0,24.0,4.0,48.0,1536.0,10240.0,640.0,256.0,9216.0,40960.0,16384.0,65536.0,1024.0,10240.0,640.0,32.0,25.298221281347036,6.932447891572509,6.46302945692067,1048576.0,409600.0,4096.0
csgmv,down_proj,4096,"[16, 16, 16, 16, 64, 64, 64, 64, 64, 64, 64, 64, 64, 64, 64, 64]",1,16,64,832,0.026623999699950218,0.026452959729358554,0.0011561243331110727,1024.0,832.0,16.0,64.0,16.0,52.0,16.0,432.0,20.784609690826528,4.0,48.0,1330.2150202128978,13312.0,832.0,256.0,6912.0,53248.0,16384.0,65536.0,1024.0,13312.0,832.0,32.0,28.844410203711913,6.932447891572509,6.725033642166843,1048576.0,692224.0,4096.0
csgmv,down_proj,4096,"[16, 16, 16, 16, 16, 16, 16, 16, 16, 16, 16, 16, 64, 64, 64, 64]",1,16,64,448,0.026415999978780746,0.026218079682439565,0.0007245128081246206,1024.0,448.0,16.0,64.0,16.0,28.0,16.0,432.0,20.784609690826528,4.0,48.0,1330.2150202128978,7168.0,448.0,256.0,6912.0,28672.0,16384.0,65536.0,1024.0,7168.0,448.0,32.0,21.166010488516726,6.932447891572509,6.1070228877422545,1048576.0,200704.0,4096.0
csgmv,down_proj,4096,"[32, 32, 32, 32, 32, 32, 32, 32, 64, 64, 64, 64, 64, 64, 64, 64]",1,16,64,768,0.026623999699950218,0.026285599749535322,0.000914004480424151,1024.0,768.0,16.0,64.0,32.0,48.0,16.0,256.0,16.0,2.0,32.0,1024.0,12288.0,768.0,512.0,4096.0,49152.0,16384.0,65536.0,1024.0,12288.0,768.0,32.0,27.712812921102035,6.932447891572509,6.645090969505644,1048576.0,589824.0,4096.0
csgmv,down_proj,4096,"[32, 32, 32, 32, 64, 64, 64, 64, 64, 64, 64, 64, 64, 64, 64, 64]",1,16,64,896,0.026623999699950218,0.026351999770849944,0.0010729023313012583,1024.0,896.0,16.0,64.0,32.0,56.0,16.0,192.0,13.856406460551018,2.0,32.0,886.8100134752651,14336.0,896.0,512.0,3072.0,57344.0,16384.0,65536.0,1024.0,14336.0,896.0,32.0,29.93325909419153,6.932447891572509,6.799055862058796,1048576.0,802816.0,4096.0
csgmv,down_proj,4096,"[32, 32, 32, 32, 32, 32, 32, 32, 32, 32, 32, 32, 64, 64, 64, 64]",1,16,64,640,0.026623999699950218,0.026553919734433294,0.0008176323542952149,1024.0,640.0,16.0,64.0,32.0,40.0,16.0,192.0,13.856406460551018,2.0,32.0,886.8100134752651,10240.0,640.0,512.0,3072.0,40960.0,16384.0,65536.0,1024.0,10240.0,640.0,32.0,25.298221281347036,6.932447891572509,6.46302945692067,1048576.0,409600.0,4096.0
csgmv,down_proj,4096,"[8, 8, 8, 8, 8, 8, 8, 8, 8, 8, 8, 8, 8, 8, 8, 8, 16, 16, 16, 16, 16, 16, 16, 16, 16, 16, 16, 16, 16, 16, 16, 16]",1,32,16,384,0.02534399926662445,0.025300800045952202,0.0011052964679796888,512.0,384.0,32.0,16.0,8.0,12.0,32.0,16.0,4.0,2.0,8.0,64.0,12288.0,384.0,256.0,512.0,6144.0,16384.0,8192.0,512.0,12288.0,384.0,22.627416997969522,19.595917942265423,6.240275845170769,5.953243334287785,262144.0,147456.0,256.0
csgmv,down_proj,4096,"[8, 8, 8, 8, 8, 8, 8, 8, 16, 16, 16, 16, 16, 16, 16, 16, 16, 16, 16, 16, 16, 16, 16, 16, 16, 16, 16, 16, 16, 16, 16, 16]",1,32,16,448,0.02558399923145771,0.02551807994954288,0.001039254329211829,512.0,448.0,32.0,16.0,8.0,14.0,32.0,12.0,3.4641016151377544,2.0,8.0,55.42562584220407,14336.0,448.0,256.0,384.0,7168.0,16384.0,8192.0,512.0,14336.0,448.0,22.627416997969522,21.166010488516726,6.240275845170769,6.1070228877422545,262144.0,200704.0,256.0
csgmv,down_proj,4096,"[8, 8, 8, 8, 8, 8, 8, 8, 8, 8, 8, 8, 8, 8, 8, 8, 8, 8, 8, 8, 8, 8, 8, 8, 16, 16, 16, 16, 16, 16, 16, 16]",1,32,16,320,0.025439999997615814,0.025341440057381988,0.000822955810301891,512.0,320.0,32.0,16.0,8.0,10.0,32.0,12.0,3.4641016151377544,2.0,8.0,55.42562584220407,10240.0,320.0,256.0,384.0,5120.0,16384.0,8192.0,512.0,10240.0,320.0,22.627416997969522,17.88854381999832,6.240275845170769,5.771441123130016,262144.0,102400.0,256.0
csgmv,down_proj,4096,"[8, 8, 8, 8, 8, 8, 8, 8, 8, 8, 8, 8, 8, 8, 8, 8, 32, 32, 32, 32, 32, 32, 32, 32, 32, 32, 32, 32, 32, 32, 32, 32]",1,32,32,640,0.026623999699950218,0.026615519747138022,0.0009582197678338327,1024.0,640.0,32.0,32.0,8.0,20.0,32.0,144.0,12.0,4.0,24.0,384.0,20480.0,640.0,256.0,4608.0,20480.0,32768.0,32768.0,1024.0,20480.0,640.0,32.0,25.298221281347036,6.932447891572509,6.46302945692067,1048576.0,409600.0,1024.0
csgmv,down_proj,4096,"[8, 8, 8, 8, 8, 8, 8, 8, 32, 32, 32, 32, 32, 32, 32, 32, 32, 32, 32, 32, 32, 32, 32, 32, 32, 32, 32, 32, 32, 32, 32, 32]",1,32,32,832,0.026623999699950218,0.026322559695690872,0.0008925039736251854,1024.0,832.0,32.0,32.0,8.0,26.0,32.0,108.0,10.392304845413264,4.0,24.0,332.55375505322445,26624.0,832.0,256.0,3456.0,26624.0,32768.0,32768.0,1024.0,26624.0,832.0,32.0,28.844410203711913,6.932447891572509,6.725033642166843,1048576.0,692224.0,1024.0
csgmv,down_proj,4096,"[8, 8, 8, 8, 8, 8, 8, 8, 8, 8, 8, 8, 8, 8, 8, 8, 8, 8, 8, 8, 8, 8, 8, 8, 32, 32, 32, 32, 32, 32, 32, 32]",1,32,32,448,0.026623999699950218,0.026663199728354813,0.0008395683832693606,1024.0,448.0,32.0,32.0,8.0,14.0,32.0,108.0,10.392304845413264,4.0,24.0,332.55375505322445,14336.0,448.0,256.0,3456.0,14336.0,32768.0,32768.0,1024.0,14336.0,448.0,32.0,21.166010488516726,6.932447891572509,6.1070228877422545,1048576.0,200704.0,1024.0
csgmv,down_proj,4096,"[8, 8, 8, 8, 8, 8, 8, 8, 8, 8, 8, 8, 8, 8, 8, 8, 64, 64, 64, 64, 64, 64, 64, 64, 64, 64, 64, 64, 64, 64, 64, 64]",1,32,64,1152,0.026623999699950218,0.026378079690039156,0.0012244364759192497,2048.0,1152.0,32.0,64.0,8.0,36.0,32.0,784.0,28.0,8.0,56.0,1792.0,36864.0,1152.0,256.0,25088.0,73728.0,65536.0,131072.0,2048.0,36864.0,1152.0,45.254833995939045,33.94112549695428,7.6251071482389,7.050122520269059,4194304.0,1327104.0,4096.0
csgmv,down_proj,4096,"[8, 8, 8, 8, 8, 8, 8, 8, 64, 64, 64, 64, 64, 64, 64, 64, 64, 64, 64, 64, 64, 64, 64, 64, 64, 64, 64, 64, 64, 64, 64, 64]",1,32,64,1600,0.026623999699950218,0.02640991972759366,0.001375063602316871,2048.0,1600.0,32.0,64.0,8.0,50.0,32.0,588.0,24.24871130596428,8.0,56.0,1551.917523581714,51200.0,1600.0,256.0,18816.0,102400.0,65536.0,131072.0,2048.0,51200.0,1600.0,45.254833995939045,40.0,7.6251071482389,7.3783837129967145,4194304.0,2560000.0,4096.0
csgmv,down_proj,4096,"[8, 8, 8, 8, 8, 8, 8, 8, 8, 8, 8, 8, 8, 8, 8, 8, 8, 8, 8, 8, 8, 8, 8, 8, 64, 64, 64, 64, 64, 64, 64, 64]",1,32,64,704,0.026623999699950218,0.0263166397344321,0.001124438822059275,2048.0,704.0,32.0,64.0,8.0,22.0,32.0,588.0,24.24871130596428,8.0,56.0,1551.917523581714,22528.0,704.0,256.0,18816.0,45056.0,65536.0,131072.0,2048.0,22528.0,704.0,45.254833995939045,26.5329983228432,7.6251071482389,6.558197802812269,4194304.0,495616.0,4096.0
csgmv,down_proj,4096,"[16, 16, 16, 16, 16, 16, 16, 16, 16, 16, 16, 16, 16, 16, 16, 16, 32, 32, 32, 32, 32, 32, 32, 32, 32, 32, 32, 32, 32, 32, 32, 32]",1,32,32,768,0.026623999699950218,0.02665423977188766,0.0009041018167793197,1024.0,768.0,32.0,32.0,16.0,24.0,32.0,64.0,8.0,2.0,16.0,256.0,24576.0,768.0,512.0,2048.0,24576.0,32768.0,32768.0,1024.0,24576.0,768.0,32.0,27.712812921102035,6.932447891572509,6.645090969505644,1048576.0,589824.0,1024.0
csgmv,down_proj,4096,"[16, 16, 16, 16, 16, 16, 16, 16, 32, 32, 32, 32, 32, 32, 32, 32, 32, 32, 32, 32, 32, 32, 32, 32, 32, 32, 32, 32, 32, 32, 32, 32]",1,32,32,896,0.026623999699950218,0.026786239808425306,0.00103074547647287,1024.0,896.0,32.0,32.0,16.0,28.0,32.0,48.0,6.928203230275509,2.0,16.0,221.70250336881628,28672.0,896.0,512.0,1536.0,28672.0,32768.0,32768.0,1024.0,28672.0,896.0,32.0,29.93325909419153,6.932447891572509,6.799055862058796,1048576.0,802816.0,1024.0
csgmv,down_proj,4096,"[16, 16, 16, 16, 16, 16, 16, 16, 16, 16, 16, 16, 16, 16, 16, 16, 16, 16, 16, 16, 16, 16, 16, 16, 32, 32, 32, 32, 32, 32, 32, 32]",1,32,32,640,0.026623999699950218,0.026783679779618978,0.0007855007111770072,1024.0,640.0,32.0,32.0,16.0,20.0,32.0,48.0,6.928203230275509,2.0,16.0,221.70250336881628,20480.0,640.0,512.0,1536.0,20480.0,32768.0,32768.0,1024.0,20480.0,640.0,32.0,25.298221281347036,6.932447891572509,6.46302945692067,1048576.0,409600.0,1024.0
csgmv,down_proj,4096,"[16, 16, 16, 16, 16, 16, 16, 16, 16, 16, 16, 16, 16, 16, 16, 16, 64, 64, 64, 64, 64, 64, 64, 64, 64, 64, 64, 64, 64, 64, 64, 64]",1,32,64,1280,0.026623999699950218,0.02664127979427576,0.00110038066823163,2048.0,1280.0,32.0,64.0,16.0,40.0,32.0,576.0,24.0,4.0,48.0,1536.0,40960.0,1280.0,512.0,18432.0,81920.0,65536.0,131072.0,2048.0,40960.0,1280.0,45.254833995939045,35.77708763999664,7.6251071482389,7.155396301896734,4194304.0,1638400.0,4096.0
csgmv,down_proj,4096,"[16, 16, 16, 16, 16, 16, 16, 16, 64, 64, 64, 64, 64, 64, 64, 64, 64, 64, 64, 64, 64, 64, 64, 64, 64, 64, 64, 64, 64, 64, 64, 64]",1,32,64,1664,0.026623999699950218,0.02659151976928115,0.0013485503511781601,2048.0,1664.0,32.0,64.0,16.0,52.0,32.0,432.0,20.784609690826528,4.0,48.0,1330.2150202128978,53248.0,1664.0,512.0,13824.0,106496.0,65536.0,131072.0,2048.0,53248.0,1664.0,45.254833995939045,40.792156108742276,7.6251071482389,7.417580402414544,4194304.0,2768896.0,4096.0
csgmv,down_proj,4096,"[16, 16, 16, 16, 16, 16, 16, 16, 16, 16, 16, 16, 16, 16, 16, 16, 16, 16, 16, 16, 16, 16, 16, 16, 64, 64, 64, 64, 64, 64, 64, 64]",1,32,64,896,0.026623999699950218,0.026303839832544328,0.0013127744756817458,2048.0,896.0,32.0,64.0,16.0,28.0,32.0,432.0,20.784609690826528,4.0,48.0,1330.2150202128978,28672.0,896.0,512.0,13824.0,57344.0,65536.0,131072.0,2048.0,28672.0,896.0,45.254833995939045,29.93325909419153,7.6251071482389,6.799055862058796,4194304.0,802816.0,4096.0
csgmv,down_proj,4096,"[32, 32, 32, 32, 32, 32, 32, 32, 32, 32, 32, 32, 32, 32, 32, 32, 64, 64, 64, 64, 64, 64, 64, 64, 64, 64, 64, 64, 64, 64, 64, 64]",1,32,64,1536,0.026623999699950218,0.026382079757750036,0.0012852039895364692,2048.0,1536.0,32.0,64.0,32.0,48.0,32.0,256.0,16.0,2.0,32.0,1024.0,49152.0,1536.0,1024.0,8192.0,98304.0,65536.0,131072.0,2048.0,49152.0,1536.0,45.254833995939045,39.191835884530846,7.6251071482389,7.337587743538596,4194304.0,2359296.0,4096.0
csgmv,down_proj,4096,"[32, 32, 32, 32, 32, 32, 32, 32, 64, 64, 64, 64, 64, 64, 64, 64, 64, 64, 64, 64, 64, 64, 64, 64, 64, 64, 64, 64, 64, 64, 64, 64]",1,32,64,1792,0.026623999699950218,0.026471039755269887,0.0014311128205453556,2048.0,1792.0,32.0,64.0,32.0,56.0,32.0,192.0,13.856406460551018,2.0,32.0,886.8100134752651,57344.0,1792.0,1024.0,6144.0,114688.0,65536.0,131072.0,2048.0,57344.0,1792.0,45.254833995939045,42.33202097703345,7.6251071482389,7.491645473605133,4194304.0,3211264.0,4096.0
csgmv,down_proj,4096,"[32, 32, 32, 32, 32, 32, 32, 32, 32, 32, 32, 32, 32, 32, 32, 32, 32, 32, 32, 32, 32, 32, 32, 32, 64, 64, 64, 64, 64, 64, 64, 64]",1,32,64,1280,0.026623999699950218,0.026397599736228586,0.001254440707436142,2048.0,1280.0,32.0,64.0,32.0,40.0,32.0,192.0,13.856406460551018,2.0,32.0,886.8100134752651,40960.0,1280.0,1024.0,6144.0,81920.0,65536.0,131072.0,2048.0,40960.0,1280.0,45.254833995939045,35.77708763999664,7.6251071482389,7.155396301896734,4194304.0,1638400.0,4096.0
