backend,ranks_str,seq_len,batch_size,max_rank_int,sum_rank_int,median_ms,mean_ms,std_ms,bs_x_max_rank,sum_rank,bs,max_rank,min_rank,mean_rank,total_tokens,var_rank,std_rank,rank_ratio,max_minus_min,max_x_std_rank,bs_x_sum_rank,bs_x_mean_rank,bs_x_min_rank,bs_x_var_rank,sum_x_max_rank,bs_sq_x_max_rank,bs_x_max_rank_sq,tok_x_max_rank,tok_x_sum_rank,tok_x_mean_rank,sqrt_bs_x_max_rank,sqrt_sum_rank,log1p_bs_x_max_rank,log1p_sum_rank,sum_rank_sq,max_rank_sq,bs_x_max_rank_sq_nl
triton,"[8, 8, 8, 8]",1,4,8,32,0.09011200070381165,0.09027200073003769,0.0017292616980281107,32.0,32.0,4.0,8.0,8.0,8.0,4.0,0.0,0.0,1.0,0.0,0.0,128.0,32.0,32.0,0.0,256.0,128.0,256.0,32.0,128.0,32.0,5.656854249492381,5.656854249492381,3.4965075614664802,3.4965075614664802,1024.0,64.0,1024.0
triton,"[16, 16, 16, 16]",1,4,16,64,0.09534400328993797,0.0971702403575182,0.008849546348255657,64.0,64.0,4.0,16.0,16.0,16.0,4.0,0.0,0.0,1.0,0.0,0.0,256.0,64.0,64.0,0.0,1024.0,256.0,1024.0,64.0,256.0,64.0,8.0,8.0,4.174387269895637,4.174387269895637,4096.0,256.0,4096.0
triton,"[32, 32, 32, 32]",1,4,32,128,0.09113600105047226,0.09645567994564772,0.015244707416163465,128.0,128.0,4.0,32.0,32.0,32.0,4.0,0.0,0.0,1.0,0.0,0.0,512.0,128.0,128.0,0.0,4096.0,512.0,4096.0,128.0,512.0,128.0,11.313708498984761,11.313708498984761,4.859812404361672,4.859812404361672,16384.0,1024.0,16384.0
triton,"[64, 64, 64, 64]",1,4,64,256,0.08806400001049042,0.11611247964203358,0.061857002977034156,256.0,256.0,4.0,64.0,64.0,64.0,4.0,0.0,0.0,1.0,0.0,0.0,1024.0,256.0,256.0,0.0,16384.0,1024.0,16384.0,256.0,1024.0,256.0,16.0,16.0,5.54907608489522,5.54907608489522,65536.0,4096.0,65536.0
triton,"[8, 8, 8, 8, 8, 8, 8, 8]",1,8,8,64,0.22323200106620789,0.22504735969007014,0.0042803069180208314,64.0,64.0,8.0,8.0,8.0,8.0,8.0,0.0,0.0,1.0,0.0,0.0,512.0,64.0,64.0,0.0,512.0,512.0,512.0,64.0,512.0,64.0,8.0,8.0,4.174387269895637,4.174387269895637,4096.0,64.0,4096.0
triton,"[16, 16, 16, 16, 16, 16, 16, 16]",1,8,16,128,0.08806400001049042,0.09309264007955789,0.01071094307671858,128.0,128.0,8.0,16.0,16.0,16.0,8.0,0.0,0.0,1.0,0.0,0.0,1024.0,128.0,128.0,0.0,2048.0,1024.0,2048.0,128.0,1024.0,128.0,11.313708498984761,11.313708498984761,4.859812404361672,4.859812404361672,16384.0,256.0,16384.0
triton,"[32, 32, 32, 32, 32, 32, 32, 32]",1,8,32,256,0.0870399996638298,0.11931455962359905,0.06119117149135412,256.0,256.0,8.0,32.0,32.0,32.0,8.0,0.0,0.0,1.0,0.0,0.0,2048.0,256.0,256.0,0.0,8192.0,2048.0,8192.0,256.0,2048.0,256.0,16.0,16.0,5.54907608489522,5.54907608489522,65536.0,1024.0,65536.0
triton,"[64, 64, 64, 64, 64, 64, 64, 64]",1,8,64,512,0.22732800245285034,0.22868303954601288,0.003643656260852255,512.0,512.0,8.0,64.0,64.0,64.0,8.0,0.0,0.0,1.0,0.0,0.0,4096.0,512.0,512.0,0.0,32768.0,4096.0,32768.0,512.0,4096.0,512.0,22.627416997969522,22.627416997969522,6.240275845170769,6.240275845170769,262144.0,4096.0,262144.0
triton,"[8, 8, 8, 8, 8, 8, 8, 8, 8, 8, 8, 8, 8, 8, 8, 8]",1,16,8,128,0.22751999646425247,0.22834655955433847,0.002304145224040514,128.0,128.0,16.0,8.0,8.0,8.0,16.0,0.0,0.0,1.0,0.0,0.0,2048.0,128.0,128.0,0.0,1024.0,2048.0,1024.0,128.0,2048.0,128.0,11.313708498984761,11.313708498984761,4.859812404361672,4.859812404361672,16384.0,64.0,16384.0
triton,"[16, 16, 16, 16, 16, 16, 16, 16, 16, 16, 16, 16, 16, 16, 16, 16]",1,16,16,256,0.08601599931716919,0.12224575936794281,0.06222856760208699,256.0,256.0,16.0,16.0,16.0,16.0,16.0,0.0,0.0,1.0,0.0,0.0,4096.0,256.0,256.0,0.0,4096.0,4096.0,4096.0,256.0,4096.0,256.0,16.0,16.0,5.54907608489522,5.54907608489522,65536.0,256.0,65536.0
triton,"[32, 32, 32, 32, 32, 32, 32, 32, 32, 32, 32, 32, 32, 32, 32, 32]",1,16,32,512,0.08775999769568443,0.11793647971004248,0.05869432195120825,512.0,512.0,16.0,32.0,32.0,32.0,16.0,0.0,0.0,1.0,0.0,0.0,8192.0,512.0,512.0,0.0,16384.0,8192.0,16384.0,512.0,8192.0,512.0,22.627416997969522,22.627416997969522,6.240275845170769,6.240275845170769,262144.0,1024.0,262144.0
triton,"[64, 64, 64, 64, 64, 64, 64, 64, 64, 64, 64, 64, 64, 64, 64, 64]",1,16,64,1024,0.12697599828243256,0.12699280124157666,0.0033882230669981853,1024.0,1024.0,16.0,64.0,64.0,64.0,16.0,0.0,0.0,1.0,0.0,0.0,16384.0,1024.0,1024.0,0.0,65536.0,16384.0,65536.0,1024.0,16384.0,1024.0,32.0,32.0,6.932447891572509,6.932447891572509,1048576.0,4096.0,1048576.0
triton,"[8, 8, 8, 8, 8, 8, 8, 8, 8, 8, 8, 8, 8, 8, 8, 8, 8, 8, 8, 8, 8, 8, 8, 8, 8, 8, 8, 8, 8, 8, 8, 8]",1,32,8,256,0.08611200004816055,0.09389455910772085,0.0184392722750706,256.0,256.0,32.0,8.0,8.0,8.0,32.0,0.0,0.0,1.0,0.0,0.0,8192.0,256.0,256.0,0.0,2048.0,8192.0,2048.0,256.0,8192.0,256.0,16.0,16.0,5.54907608489522,5.54907608489522,65536.0,64.0,65536.0
triton,"[16, 16, 16, 16, 16, 16, 16, 16, 16, 16, 16, 16, 16, 16, 16, 16, 16, 16, 16, 16, 16, 16, 16, 16, 16, 16, 16, 16, 16, 16, 16, 16]",1,32,16,512,0.08788799867033958,0.08861376013606787,0.004008932318531724,512.0,512.0,32.0,16.0,16.0,16.0,32.0,0.0,0.0,1.0,0.0,0.0,16384.0,512.0,512.0,0.0,8192.0,16384.0,8192.0,512.0,16384.0,512.0,22.627416997969522,22.627416997969522,6.240275845170769,6.240275845170769,262144.0,256.0,262144.0
triton,"[32, 32, 32, 32, 32, 32, 32, 32, 32, 32, 32, 32, 32, 32, 32, 32, 32, 32, 32, 32, 32, 32, 32, 32, 32, 32, 32, 32, 32, 32, 32, 32]",1,32,32,1024,0.23582399636507034,0.23680768065154553,0.003984085242003176,1024.0,1024.0,32.0,32.0,32.0,32.0,32.0,0.0,0.0,1.0,0.0,0.0,32768.0,1024.0,1024.0,0.0,32768.0,32768.0,32768.0,1024.0,32768.0,1024.0,32.0,32.0,6.932447891572509,6.932447891572509,1048576.0,1024.0,1048576.0
triton,"[64, 64, 64, 64, 64, 64, 64, 64, 64, 64, 64, 64, 64, 64, 64, 64, 64, 64, 64, 64, 64, 64, 64, 64, 64, 64, 64, 64, 64, 64, 64, 64]",1,32,64,2048,0.2396160066127777,0.2415272019803524,0.014100679971966412,2048.0,2048.0,32.0,64.0,64.0,64.0,32.0,0.0,0.0,1.0,0.0,0.0,65536.0,2048.0,2048.0,0.0,131072.0,65536.0,131072.0,2048.0,65536.0,2048.0,45.254833995939045,45.254833995939045,7.6251071482389,7.6251071482389,4194304.0,4096.0,4194304.0
triton,"[8, 8, 16, 16]",1,4,16,48,0.08721600100398064,0.119339519739151,0.06113530697771774,64.0,48.0,4.0,16.0,8.0,12.0,4.0,16.0,4.0,2.0,8.0,64.0,192.0,48.0,32.0,64.0,768.0,256.0,1024.0,64.0,192.0,48.0,8.0,6.928203230275509,4.174387269895637,3.8918202981106265,2304.0,256.0,4096.0
triton,"[8, 16, 16, 16]",1,4,16,56,0.08806400001049042,0.08803007993847131,0.0017291337262051781,64.0,56.0,4.0,16.0,8.0,14.0,4.0,12.0,3.4641016151377544,2.0,8.0,55.42562584220407,224.0,56.0,32.0,48.0,896.0,256.0,1024.0,64.0,224.0,56.0,8.0,7.483314773547883,4.174387269895637,4.04305126783455,3136.0,256.0,4096.0
triton,"[8, 8, 8, 16]",1,4,16,40,0.08937600255012512,0.08983392048627138,0.0019116064920084806,64.0,40.0,4.0,16.0,8.0,10.0,4.0,12.0,3.4641016151377544,2.0,8.0,55.42562584220407,160.0,40.0,32.0,48.0,640.0,256.0,1024.0,64.0,160.0,40.0,8.0,6.324555320336759,4.174387269895637,3.713572066704308,1600.0,256.0,4096.0
triton,"[8, 8, 32, 32]",1,4,32,80,0.08806400001049042,0.08999936003237963,0.005141414163843855,128.0,80.0,4.0,32.0,8.0,20.0,4.0,144.0,12.0,4.0,24.0,384.0,320.0,80.0,32.0,576.0,2560.0,512.0,4096.0,128.0,320.0,80.0,11.313708498984761,8.94427190999916,4.859812404361672,4.394449154672439,6400.0,1024.0,16384.0
triton,"[8, 32, 32, 32]",1,4,32,104,0.08700799942016602,0.08719695966690778,0.001777903605374546,128.0,104.0,4.0,32.0,8.0,26.0,4.0,108.0,10.392304845413264,4.0,24.0,332.55375505322445,416.0,104.0,32.0,432.0,3328.0,512.0,4096.0,128.0,416.0,104.0,11.313708498984761,10.198039027185569,4.859812404361672,4.653960350157523,10816.0,1024.0,16384.0
triton,"[8, 8, 8, 32]",1,4,32,56,0.08707199990749359,0.087356639765203,0.0016678920628742592,128.0,56.0,4.0,32.0,8.0,14.0,4.0,108.0,10.392304845413264,4.0,24.0,332.55375505322445,224.0,56.0,32.0,432.0,1792.0,512.0,4096.0,128.0,224.0,56.0,11.313708498984761,7.483314773547883,4.859812404361672,4.04305126783455,3136.0,1024.0,16384.0
triton,"[8, 8, 64, 64]",1,4,64,144,0.08806400001049042,0.08810015980154276,0.0015884813218101897,256.0,144.0,4.0,64.0,8.0,36.0,4.0,784.0,28.0,8.0,56.0,1792.0,576.0,144.0,32.0,3136.0,9216.0,1024.0,16384.0,256.0,576.0,144.0,16.0,12.0,5.54907608489522,4.976733742420574,20736.0,4096.0,65536.0
triton,"[8, 64, 64, 64]",1,4,64,200,0.08814400061964989,0.08842047967016697,0.0013549046187409123,256.0,200.0,4.0,64.0,8.0,50.0,4.0,588.0,24.24871130596428,8.0,56.0,1551.917523581714,800.0,200.0,32.0,2352.0,12800.0,1024.0,16384.0,256.0,800.0,200.0,16.0,14.142135623730951,5.54907608489522,5.303304908059076,40000.0,4096.0,65536.0
triton,"[8, 8, 8, 64]",1,4,64,88,0.08806400001049042,0.08817071959376335,0.0012811289509505907,256.0,88.0,4.0,64.0,8.0,22.0,4.0,588.0,24.24871130596428,8.0,56.0,1551.917523581714,352.0,88.0,32.0,2352.0,5632.0,1024.0,16384.0,256.0,352.0,88.0,16.0,9.38083151964686,5.54907608489522,4.48863636973214,7744.0,4096.0,65536.0
triton,"[16, 16, 32, 32]",1,4,32,96,0.08640000224113464,0.08674543965607881,0.0013731594156470447,128.0,96.0,4.0,32.0,16.0,24.0,4.0,64.0,8.0,2.0,16.0,256.0,384.0,96.0,64.0,256.0,3072.0,512.0,4096.0,128.0,384.0,96.0,11.313708498984761,9.797958971132712,4.859812404361672,4.574710978503383,9216.0,1024.0,16384.0
triton,"[16, 32, 32, 32]",1,4,32,112,0.08695999905467033,0.08704719956964255,0.0017147299653895434,128.0,112.0,4.0,32.0,16.0,28.0,4.0,48.0,6.928203230275509,2.0,16.0,221.70250336881628,448.0,112.0,64.0,192.0,3584.0,512.0,4096.0,128.0,448.0,112.0,11.313708498984761,10.583005244258363,4.859812404361672,4.727387818712341,12544.0,1024.0,16384.0
triton,"[16, 16, 16, 32]",1,4,32,80,0.0870399996638298,0.0871553597226739,0.0017465933638468024,128.0,80.0,4.0,32.0,16.0,20.0,4.0,48.0,6.928203230275509,2.0,16.0,221.70250336881628,320.0,80.0,64.0,192.0,2560.0,512.0,4096.0,128.0,320.0,80.0,11.313708498984761,8.94427190999916,4.859812404361672,4.394449154672439,6400.0,1024.0,16384.0
triton,"[16, 16, 64, 64]",1,4,64,160,0.08806400001049042,0.08840639982372522,0.0015357001116782431,256.0,160.0,4.0,64.0,16.0,40.0,4.0,576.0,24.0,4.0,48.0,1536.0,640.0,160.0,64.0,2304.0,10240.0,1024.0,16384.0,256.0,640.0,160.0,16.0,12.649110640673518,5.54907608489522,5.081404364984463,25600.0,4096.0,65536.0
triton,"[16, 64, 64, 64]",1,4,64,208,0.08806400001049042,0.08820687957108021,0.0017970155938862075,256.0,208.0,4.0,64.0,16.0,52.0,4.0,432.0,20.784609690826528,4.0,48.0,1330.2150202128978,832.0,208.0,64.0,1728.0,13312.0,1024.0,16384.0,256.0,832.0,208.0,16.0,14.422205101855956,5.54907608489522,5.342334251964811,43264.0,4096.0,65536.0
triton,"[16, 16, 16, 64]",1,4,64,112,0.08806400001049042,0.08834047973155976,0.0012486279931134105,256.0,112.0,4.0,64.0,16.0,28.0,4.0,432.0,20.784609690826528,4.0,48.0,1330.2150202128978,448.0,112.0,64.0,1728.0,7168.0,1024.0,16384.0,256.0,448.0,112.0,16.0,10.583005244258363,5.54907608489522,4.727387818712341,12544.0,4096.0,65536.0
triton,"[32, 32, 64, 64]",1,4,64,192,0.0870399996638298,0.08756719946861267,0.0014319992806138397,256.0,192.0,4.0,64.0,32.0,48.0,4.0,256.0,16.0,2.0,32.0,1024.0,768.0,192.0,128.0,1024.0,12288.0,1024.0,16384.0,256.0,768.0,192.0,16.0,13.856406460551018,5.54907608489522,5.262690188904886,36864.0,4096.0,65536.0
triton,"[32, 64, 64, 64]",1,4,64,224,0.08715200051665306,0.08767407938838005,0.0015355372554319811,256.0,224.0,4.0,64.0,32.0,56.0,4.0,192.0,13.856406460551018,2.0,32.0,886.8100134752651,896.0,224.0,128.0,768.0,14336.0,1024.0,16384.0,256.0,896.0,224.0,16.0,14.966629547095765,5.54907608489522,5.41610040220442,50176.0,4096.0,65536.0
triton,"[32, 32, 32, 64]",1,4,64,160,0.08806400001049042,0.08856159955263138,0.0016389679902792074,256.0,160.0,4.0,64.0,32.0,40.0,4.0,192.0,13.856406460551018,2.0,32.0,886.8100134752651,640.0,160.0,128.0,768.0,10240.0,1024.0,16384.0,256.0,640.0,160.0,16.0,12.649110640673518,5.54907608489522,5.081404364984463,25600.0,4096.0,65536.0
triton,"[8, 8, 8, 8, 16, 16, 16, 16]",1,8,16,96,0.08604799956083298,0.08652815949171781,0.0017085859703488521,128.0,96.0,8.0,16.0,8.0,12.0,8.0,16.0,4.0,2.0,8.0,64.0,768.0,96.0,64.0,128.0,1536.0,1024.0,2048.0,128.0,768.0,96.0,11.313708498984761,9.797958971132712,4.859812404361672,4.574710978503383,9216.0,256.0,16384.0
triton,"[8, 8, 16, 16, 16, 16, 16, 16]",1,8,16,112,0.0870399996638298,0.08713503979146481,0.001774982221993153,128.0,112.0,8.0,16.0,8.0,14.0,8.0,12.0,3.4641016151377544,2.0,8.0,55.42562584220407,896.0,112.0,64.0,96.0,1792.0,1024.0,2048.0,128.0,896.0,112.0,11.313708498984761,10.583005244258363,4.859812404361672,4.727387818712341,12544.0,256.0,16384.0
triton,"[8, 8, 8, 8, 8, 8, 16, 16]",1,8,16,80,0.08611200004816055,0.08675455976277589,0.00189677286367772,128.0,80.0,8.0,16.0,8.0,10.0,8.0,12.0,3.4641016151377544,2.0,8.0,55.42562584220407,640.0,80.0,64.0,96.0,1280.0,1024.0,2048.0,128.0,640.0,80.0,11.313708498984761,8.94427190999916,4.859812404361672,4.394449154672439,6400.0,256.0,16384.0
triton,"[8, 8, 8, 8, 32, 32, 32, 32]",1,8,32,160,0.0870399996638298,0.08746303971856832,0.0015439039560105655,256.0,160.0,8.0,32.0,8.0,20.0,8.0,144.0,12.0,4.0,24.0,384.0,1280.0,160.0,64.0,1152.0,5120.0,2048.0,8192.0,256.0,1280.0,160.0,16.0,12.649110640673518,5.54907608489522,5.081404364984463,25600.0,1024.0,65536.0
triton,"[8, 8, 32, 32, 32, 32, 32, 32]",1,8,32,208,0.0870399996638298,0.08727887965738773,0.0018013099450127923,256.0,208.0,8.0,32.0,8.0,26.0,8.0,108.0,10.392304845413264,4.0,24.0,332.55375505322445,1664.0,208.0,64.0,864.0,6656.0,2048.0,8192.0,256.0,1664.0,208.0,16.0,14.422205101855956,5.54907608489522,5.342334251964811,43264.0,1024.0,65536.0
triton,"[8, 8, 8, 8, 8, 8, 32, 32]",1,8,32,112,0.0870399996638298,0.08726095981895923,0.0017586168575120457,256.0,112.0,8.0,32.0,8.0,14.0,8.0,108.0,10.392304845413264,4.0,24.0,332.55375505322445,896.0,112.0,64.0,864.0,3584.0,2048.0,8192.0,256.0,896.0,112.0,16.0,10.583005244258363,5.54907608489522,4.727387818712341,12544.0,1024.0,65536.0
triton,"[8, 8, 8, 8, 64, 64, 64, 64]",1,8,64,288,0.08806400001049042,0.08818591974675655,0.0015117606444757068,512.0,288.0,8.0,64.0,8.0,36.0,8.0,784.0,28.0,8.0,56.0,1792.0,2304.0,288.0,64.0,6272.0,18432.0,4096.0,32768.0,512.0,2304.0,288.0,22.627416997969522,16.97056274847714,6.240275845170769,5.666426688112432,82944.0,4096.0,262144.0
triton,"[8, 8, 64, 64, 64, 64, 64, 64]",1,8,64,400,0.09113600105047226,0.09098480105400085,0.0019080346162925128,512.0,400.0,8.0,64.0,8.0,50.0,8.0,588.0,24.24871130596428,8.0,56.0,1551.917523581714,3200.0,400.0,64.0,4704.0,25600.0,4096.0,32768.0,512.0,3200.0,400.0,22.627416997969522,20.0,6.240275845170769,5.993961427306569,160000.0,4096.0,262144.0
triton,"[8, 8, 8, 8, 8, 8, 64, 64]",1,8,64,176,0.08799999952316284,0.08813711971044541,0.001617547131952513,512.0,176.0,8.0,64.0,8.0,22.0,8.0,588.0,24.24871130596428,8.0,56.0,1551.917523581714,1408.0,176.0,64.0,4704.0,11264.0,4096.0,32768.0,512.0,1408.0,176.0,22.627416997969522,13.2664991614216,6.240275845170769,5.176149732573829,30976.0,4096.0,262144.0
triton,"[16, 16, 16, 16, 32, 32, 32, 32]",1,8,32,192,0.0870399996638298,0.08753631975501776,0.001770881562855386,256.0,192.0,8.0,32.0,16.0,24.0,8.0,64.0,8.0,2.0,16.0,256.0,1536.0,192.0,128.0,512.0,6144.0,2048.0,8192.0,256.0,1536.0,192.0,16.0,13.856406460551018,5.54907608489522,5.262690188904886,36864.0,1024.0,65536.0
triton,"[16, 16, 32, 32, 32, 32, 32, 32]",1,8,32,224,0.08662399649620056,0.0868921596929431,0.0017853237109380588,256.0,224.0,8.0,32.0,16.0,28.0,8.0,48.0,6.928203230275509,2.0,16.0,221.70250336881628,1792.0,224.0,128.0,384.0,7168.0,2048.0,8192.0,256.0,1792.0,224.0,16.0,14.966629547095765,5.54907608489522,5.41610040220442,50176.0,1024.0,65536.0
triton,"[16, 16, 16, 16, 16, 16, 32, 32]",1,8,32,160,0.0870399996638298,0.08749168004840613,0.0018169134698728785,256.0,160.0,8.0,32.0,16.0,20.0,8.0,48.0,6.928203230275509,2.0,16.0,221.70250336881628,1280.0,160.0,128.0,384.0,5120.0,2048.0,8192.0,256.0,1280.0,160.0,16.0,12.649110640673518,5.54907608489522,5.081404364984463,25600.0,1024.0,65536.0
triton,"[16, 16, 16, 16, 64, 64, 64, 64]",1,8,64,320,0.08806400001049042,0.08847663972526788,0.0018038054209821356,512.0,320.0,8.0,64.0,16.0,40.0,8.0,576.0,24.0,4.0,48.0,1536.0,2560.0,320.0,128.0,4608.0,20480.0,4096.0,32768.0,512.0,2560.0,320.0,22.627416997969522,17.88854381999832,6.240275845170769,5.771441123130016,102400.0,4096.0,262144.0
triton,"[16, 16, 64, 64, 64, 64, 64, 64]",1,8,64,416,0.09113600105047226,0.09136192113161087,0.0039143859770439954,512.0,416.0,8.0,64.0,16.0,52.0,8.0,432.0,20.784609690826528,4.0,48.0,1330.2150202128978,3328.0,416.0,128.0,3456.0,26624.0,4096.0,32768.0,512.0,3328.0,416.0,22.627416997969522,20.396078054371138,6.240275845170769,6.0330862217988015,173056.0,4096.0,262144.0
triton,"[16, 16, 16, 16, 16, 16, 64, 64]",1,8,64,224,0.08806400001049042,0.08833631981164217,0.001511989353160747,512.0,224.0,8.0,64.0,16.0,28.0,8.0,432.0,20.784609690826528,4.0,48.0,1330.2150202128978,1792.0,224.0,128.0,3456.0,14336.0,4096.0,32768.0,512.0,1792.0,224.0,22.627416997969522,14.966629547095765,6.240275845170769,5.41610040220442,50176.0,4096.0,262144.0
triton,"[32, 32, 32, 32, 64, 64, 64, 64]",1,8,64,384,0.09113600105047226,0.09087120093405247,0.0015155979089161553,512.0,384.0,8.0,64.0,32.0,48.0,8.0,256.0,16.0,2.0,32.0,1024.0,3072.0,384.0,256.0,2048.0,24576.0,4096.0,32768.0,512.0,3072.0,384.0,22.627416997969522,19.595917942265423,6.240275845170769,5.953243334287785,147456.0,4096.0,262144.0
triton,"[32, 32, 64, 64, 64, 64, 64, 64]",1,8,64,448,0.09011200070381165,0.09021184079349041,0.00215718607849793,512.0,448.0,8.0,64.0,32.0,56.0,8.0,192.0,13.856406460551018,2.0,32.0,886.8100134752651,3584.0,448.0,256.0,1536.0,28672.0,4096.0,32768.0,512.0,3584.0,448.0,22.627416997969522,21.166010488516726,6.240275845170769,6.1070228877422545,200704.0,4096.0,262144.0
triton,"[32, 32, 32, 32, 32, 32, 64, 64]",1,8,64,320,0.08908800035715103,0.08937728013843298,0.0017912284090957449,512.0,320.0,8.0,64.0,32.0,40.0,8.0,192.0,13.856406460551018,2.0,32.0,886.8100134752651,2560.0,320.0,256.0,1536.0,20480.0,4096.0,32768.0,512.0,2560.0,320.0,22.627416997969522,17.88854381999832,6.240275845170769,5.771441123130016,102400.0,4096.0,262144.0
triton,"[8, 8, 8, 8, 8, 8, 8, 8, 16, 16, 16, 16, 16, 16, 16, 16]",1,16,16,192,0.08609599992632866,0.08660927936434745,0.0016773432334259361,256.0,192.0,16.0,16.0,8.0,12.0,16.0,16.0,4.0,2.0,8.0,64.0,3072.0,192.0,128.0,256.0,3072.0,4096.0,4096.0,256.0,3072.0,192.0,16.0,13.856406460551018,5.54907608489522,5.262690188904886,36864.0,256.0,65536.0
triton,"[8, 8, 8, 8, 16, 16, 16, 16, 16, 16, 16, 16, 16, 16, 16, 16]",1,16,16,224,0.08687999844551086,0.08694271966814995,0.0015486178487727883,256.0,224.0,16.0,16.0,8.0,14.0,16.0,12.0,3.4641016151377544,2.0,8.0,55.42562584220407,3584.0,224.0,128.0,192.0,3584.0,4096.0,4096.0,256.0,3584.0,224.0,16.0,14.966629547095765,5.54907608489522,5.41610040220442,50176.0,256.0,65536.0
triton,"[8, 8, 8, 8, 8, 8, 8, 8, 8, 8, 8, 8, 16, 16, 16, 16]",1,16,16,160,0.08607999980449677,0.08656015940010547,0.0018754499707539308,256.0,160.0,16.0,16.0,8.0,10.0,16.0,12.0,3.4641016151377544,2.0,8.0,55.42562584220407,2560.0,160.0,128.0,192.0,2560.0,4096.0,4096.0,256.0,2560.0,160.0,16.0,12.649110640673518,5.54907608489522,5.081404364984463,25600.0,256.0,65536.0
triton,"[8, 8, 8, 8, 8, 8, 8, 8, 32, 32, 32, 32, 32, 32, 32, 32]",1,16,32,320,0.08777599781751633,0.08775759987533092,0.0015890778365420263,512.0,320.0,16.0,32.0,8.0,20.0,16.0,144.0,12.0,4.0,24.0,384.0,5120.0,320.0,128.0,2304.0,10240.0,8192.0,16384.0,512.0,5120.0,320.0,22.627416997969522,17.88854381999832,6.240275845170769,5.771441123130016,102400.0,1024.0,262144.0
triton,"[8, 8, 8, 8, 32, 32, 32, 32, 32, 32, 32, 32, 32, 32, 32, 32]",1,16,32,416,0.08694399893283844,0.08690207958221435,0.0016533922162496127,512.0,416.0,16.0,32.0,8.0,26.0,16.0,108.0,10.392304845413264,4.0,24.0,332.55375505322445,6656.0,416.0,128.0,1728.0,13312.0,8192.0,16384.0,512.0,6656.0,416.0,22.627416997969522,20.396078054371138,6.240275845170769,6.0330862217988015,173056.0,1024.0,262144.0
triton,"[8, 8, 8, 8, 8, 8, 8, 8, 8, 8, 8, 8, 32, 32, 32, 32]",1,16,32,224,0.08708800002932549,0.08749471977353096,0.0017469060552171515,512.0,224.0,16.0,32.0,8.0,14.0,16.0,108.0,10.392304845413264,4.0,24.0,332.55375505322445,3584.0,224.0,128.0,1728.0,7168.0,8192.0,16384.0,512.0,3584.0,224.0,22.627416997969522,14.966629547095765,6.240275845170769,5.41610040220442,50176.0,1024.0,262144.0
triton,"[8, 8, 8, 8, 8, 8, 8, 8, 64, 64, 64, 64, 64, 64, 64, 64]",1,16,64,576,0.08833600208163261,0.0889960004016757,0.002697053527539721,1024.0,576.0,16.0,64.0,8.0,36.0,16.0,784.0,28.0,8.0,56.0,1792.0,9216.0,576.0,128.0,12544.0,36864.0,16384.0,65536.0,1024.0,9216.0,576.0,32.0,24.0,6.932447891572509,6.3578422665081,331776.0,4096.0,1048576.0
triton,"[8, 8, 8, 8, 64, 64, 64, 64, 64, 64, 64, 64, 64, 64, 64, 64]",1,16,64,800,0.1085439994931221,0.10870543971657753,0.0022022961587398427,1024.0,800.0,16.0,64.0,8.0,50.0,16.0,588.0,24.24871130596428,8.0,56.0,1551.917523581714,12800.0,800.0,128.0,9408.0,51200.0,16384.0,65536.0,1024.0,12800.0,800.0,32.0,28.284271247461902,6.932447891572509,6.68586094706836,640000.0,4096.0,1048576.0
triton,"[8, 8, 8, 8, 8, 8, 8, 8, 8, 8, 8, 8, 64, 64, 64, 64]",1,16,64,352,0.09011200070381165,0.09014528077095747,0.002645091657934902,1024.0,352.0,16.0,64.0,8.0,22.0,16.0,588.0,24.24871130596428,8.0,56.0,1551.917523581714,5632.0,352.0,128.0,9408.0,22528.0,16384.0,65536.0,1024.0,5632.0,352.0,32.0,18.76166303929372,6.932447891572509,5.8664680569332965,123904.0,4096.0,1048576.0
triton,"[16, 16, 16, 16, 16, 16, 16, 16, 32, 32, 32, 32, 32, 32, 32, 32]",1,16,32,384,0.08715200051665306,0.08751343980431557,0.0020697327714465576,512.0,384.0,16.0,32.0,16.0,24.0,16.0,64.0,8.0,2.0,16.0,256.0,6144.0,384.0,256.0,1024.0,12288.0,8192.0,16384.0,512.0,6144.0,384.0,22.627416997969522,19.595917942265423,6.240275845170769,5.953243334287785,147456.0,1024.0,262144.0
triton,"[16, 16, 16, 16, 32, 32, 32, 32, 32, 32, 32, 32, 32, 32, 32, 32]",1,16,32,448,0.08601599931716919,0.08614063940942288,0.0016859035727855732,512.0,448.0,16.0,32.0,16.0,28.0,16.0,48.0,6.928203230275509,2.0,16.0,221.70250336881628,7168.0,448.0,256.0,768.0,14336.0,8192.0,16384.0,512.0,7168.0,448.0,22.627416997969522,21.166010488516726,6.240275845170769,6.1070228877422545,200704.0,1024.0,262144.0
triton,"[16, 16, 16, 16, 16, 16, 16, 16, 16, 16, 16, 16, 32, 32, 32, 32]",1,16,32,320,0.0870399996638298,0.08701999980956315,0.0014987364293966184,512.0,320.0,16.0,32.0,16.0,20.0,16.0,48.0,6.928203230275509,2.0,16.0,221.70250336881628,5120.0,320.0,256.0,768.0,10240.0,8192.0,16384.0,512.0,5120.0,320.0,22.627416997969522,17.88854381999832,6.240275845170769,5.771441123130016,102400.0,1024.0,262144.0
triton,"[16, 16, 16, 16, 16, 16, 16, 16, 64, 64, 64, 64, 64, 64, 64, 64]",1,16,64,640,0.08908800035715103,0.08929072055965662,0.00294558451335579,1024.0,640.0,16.0,64.0,16.0,40.0,16.0,576.0,24.0,4.0,48.0,1536.0,10240.0,640.0,256.0,9216.0,40960.0,16384.0,65536.0,1024.0,10240.0,640.0,32.0,25.298221281347036,6.932447891572509,6.46302945692067,409600.0,4096.0,1048576.0
triton,"[16, 16, 16, 16, 64, 64, 64, 64, 64, 64, 64, 64, 64, 64, 64, 64]",1,16,64,832,0.1085439994931221,0.10874687977135182,0.0021866153795324092,1024.0,832.0,16.0,64.0,16.0,52.0,16.0,432.0,20.784609690826528,4.0,48.0,1330.2150202128978,13312.0,832.0,256.0,6912.0,53248.0,16384.0,65536.0,1024.0,13312.0,832.0,32.0,28.844410203711913,6.932447891572509,6.725033642166843,692224.0,4096.0,1048576.0
triton,"[16, 16, 16, 16, 16, 16, 16, 16, 16, 16, 16, 16, 64, 64, 64, 64]",1,16,64,448,0.08908800035715103,0.08944848049432039,0.002632803859249365,1024.0,448.0,16.0,64.0,16.0,28.0,16.0,432.0,20.784609690826528,4.0,48.0,1330.2150202128978,7168.0,448.0,256.0,6912.0,28672.0,16384.0,65536.0,1024.0,7168.0,448.0,32.0,21.166010488516726,6.932447891572509,6.1070228877422545,200704.0,4096.0,1048576.0
triton,"[32, 32, 32, 32, 32, 32, 32, 32, 64, 64, 64, 64, 64, 64, 64, 64]",1,16,64,768,0.10035199671983719,0.10061103727668524,0.002386862316664634,1024.0,768.0,16.0,64.0,32.0,48.0,16.0,256.0,16.0,2.0,32.0,1024.0,12288.0,768.0,512.0,4096.0,49152.0,16384.0,65536.0,1024.0,12288.0,768.0,32.0,27.712812921102035,6.932447891572509,6.645090969505644,589824.0,4096.0,1048576.0
triton,"[32, 32, 32, 32, 64, 64, 64, 64, 64, 64, 64, 64, 64, 64, 64, 64]",1,16,64,896,0.1143679991364479,0.11429120123386383,0.002195083112325502,1024.0,896.0,16.0,64.0,32.0,56.0,16.0,192.0,13.856406460551018,2.0,32.0,886.8100134752651,14336.0,896.0,512.0,3072.0,57344.0,16384.0,65536.0,1024.0,14336.0,896.0,32.0,29.93325909419153,6.932447891572509,6.799055862058796,802816.0,4096.0,1048576.0
triton,"[32, 32, 32, 32, 32, 32, 32, 32, 32, 32, 32, 32, 64, 64, 64, 64]",1,16,64,640,0.09216000139713287,0.09251376144587993,0.002696264072772101,1024.0,640.0,16.0,64.0,32.0,40.0,16.0,192.0,13.856406460551018,2.0,32.0,886.8100134752651,10240.0,640.0,512.0,3072.0,40960.0,16384.0,65536.0,1024.0,10240.0,640.0,32.0,25.298221281347036,6.932447891572509,6.46302945692067,409600.0,4096.0,1048576.0
triton,"[8, 8, 8, 8, 8, 8, 8, 8, 8, 8, 8, 8, 8, 8, 8, 8, 16, 16, 16, 16, 16, 16, 16, 16, 16, 16, 16, 16, 16, 16, 16, 16]",1,32,16,384,0.08708800002932549,0.08747663967311382,0.0014197004363964054,512.0,384.0,32.0,16.0,8.0,12.0,32.0,16.0,4.0,2.0,8.0,64.0,12288.0,384.0,256.0,512.0,6144.0,16384.0,8192.0,512.0,12288.0,384.0,22.627416997969522,19.595917942265423,6.240275845170769,5.953243334287785,147456.0,256.0,262144.0
triton,"[8, 8, 8, 8, 8, 8, 8, 8, 16, 16, 16, 16, 16, 16, 16, 16, 16, 16, 16, 16, 16, 16, 16, 16, 16, 16, 16, 16, 16, 16, 16, 16]",1,32,16,448,0.08601599931716919,0.0862070393562317,0.0016730156599602905,512.0,448.0,32.0,16.0,8.0,14.0,32.0,12.0,3.4641016151377544,2.0,8.0,55.42562584220407,14336.0,448.0,256.0,384.0,7168.0,16384.0,8192.0,512.0,14336.0,448.0,22.627416997969522,21.166010488516726,6.240275845170769,6.1070228877422545,200704.0,256.0,262144.0
triton,"[8, 8, 8, 8, 8, 8, 8, 8, 8, 8, 8, 8, 8, 8, 8, 8, 8, 8, 8, 8, 8, 8, 8, 8, 16, 16, 16, 16, 16, 16, 16, 16]",1,32,16,320,0.08607999980449677,0.08651999950408935,0.001887508657628631,512.0,320.0,32.0,16.0,8.0,10.0,32.0,12.0,3.4641016151377544,2.0,8.0,55.42562584220407,10240.0,320.0,256.0,384.0,5120.0,16384.0,8192.0,512.0,10240.0,320.0,22.627416997969522,17.88854381999832,6.240275845170769,5.771441123130016,102400.0,256.0,262144.0
triton,"[8, 8, 8, 8, 8, 8, 8, 8, 8, 8, 8, 8, 8, 8, 8, 8, 32, 32, 32, 32, 32, 32, 32, 32, 32, 32, 32, 32, 32, 32, 32, 32]",1,32,32,640,0.09318400174379349,0.09338576156646013,0.002360297384114911,1024.0,640.0,32.0,32.0,8.0,20.0,32.0,144.0,12.0,4.0,24.0,384.0,20480.0,640.0,256.0,4608.0,20480.0,32768.0,32768.0,1024.0,20480.0,640.0,32.0,25.298221281347036,6.932447891572509,6.46302945692067,409600.0,1024.0,1048576.0
triton,"[8, 8, 8, 8, 8, 8, 8, 8, 32, 32, 32, 32, 32, 32, 32, 32, 32, 32, 32, 32, 32, 32, 32, 32, 32, 32, 32, 32, 32, 32, 32, 32]",1,32,32,832,0.10444799810647964,0.10501023843884467,0.002319826866907691,1024.0,832.0,32.0,32.0,8.0,26.0,32.0,108.0,10.392304845413264,4.0,24.0,332.55375505322445,26624.0,832.0,256.0,3456.0,26624.0,32768.0,32768.0,1024.0,26624.0,832.0,32.0,28.844410203711913,6.932447891572509,6.725033642166843,692224.0,1024.0,1048576.0
triton,"[8, 8, 8, 8, 8, 8, 8, 8, 8, 8, 8, 8, 8, 8, 8, 8, 8, 8, 8, 8, 8, 8, 8, 8, 32, 32, 32, 32, 32, 32, 32, 32]",1,32,32,448,0.09011200070381165,0.09072752095758915,0.0024295568126702144,1024.0,448.0,32.0,32.0,8.0,14.0,32.0,108.0,10.392304845413264,4.0,24.0,332.55375505322445,14336.0,448.0,256.0,3456.0,14336.0,32768.0,32768.0,1024.0,14336.0,448.0,32.0,21.166010488516726,6.932447891572509,6.1070228877422545,200704.0,1024.0,1048576.0
triton,"[8, 8, 8, 8, 8, 8, 8, 8, 8, 8, 8, 8, 8, 8, 8, 8, 64, 64, 64, 64, 64, 64, 64, 64, 64, 64, 64, 64, 64, 64, 64, 64]",1,32,64,1152,0.16281600296497345,0.16262815922498702,0.001795583166759166,2048.0,1152.0,32.0,64.0,8.0,36.0,32.0,784.0,28.0,8.0,56.0,1792.0,36864.0,1152.0,256.0,25088.0,73728.0,65536.0,131072.0,2048.0,36864.0,1152.0,45.254833995939045,33.94112549695428,7.6251071482389,7.050122520269059,1327104.0,4096.0,4194304.0
triton,"[8, 8, 8, 8, 8, 8, 8, 8, 64, 64, 64, 64, 64, 64, 64, 64, 64, 64, 64, 64, 64, 64, 64, 64, 64, 64, 64, 64, 64, 64, 64, 64]",1,32,64,1600,0.19763199985027313,0.197663359567523,0.0019978361501993614,2048.0,1600.0,32.0,64.0,8.0,50.0,32.0,588.0,24.24871130596428,8.0,56.0,1551.917523581714,51200.0,1600.0,256.0,18816.0,102400.0,65536.0,131072.0,2048.0,51200.0,1600.0,45.254833995939045,40.0,7.6251071482389,7.3783837129967145,2560000.0,4096.0,4194304.0
triton,"[8, 8, 8, 8, 8, 8, 8, 8, 8, 8, 8, 8, 8, 8, 8, 8, 8, 8, 8, 8, 8, 8, 8, 8, 64, 64, 64, 64, 64, 64, 64, 64]",1,32,64,704,0.1313439980149269,0.13170335814356804,0.0017202022729827773,2048.0,704.0,32.0,64.0,8.0,22.0,32.0,588.0,24.24871130596428,8.0,56.0,1551.917523581714,22528.0,704.0,256.0,18816.0,45056.0,65536.0,131072.0,2048.0,22528.0,704.0,45.254833995939045,26.5329983228432,7.6251071482389,6.558197802812269,495616.0,4096.0,4194304.0
triton,"[16, 16, 16, 16, 16, 16, 16, 16, 16, 16, 16, 16, 16, 16, 16, 16, 32, 32, 32, 32, 32, 32, 32, 32, 32, 32, 32, 32, 32, 32, 32, 32]",1,32,32,768,0.09318400174379349,0.09341376177966594,0.002403231654411902,1024.0,768.0,32.0,32.0,16.0,24.0,32.0,64.0,8.0,2.0,16.0,256.0,24576.0,768.0,512.0,2048.0,24576.0,32768.0,32768.0,1024.0,24576.0,768.0,32.0,27.712812921102035,6.932447891572509,6.645090969505644,589824.0,1024.0,1048576.0
triton,"[16, 16, 16, 16, 16, 16, 16, 16, 32, 32, 32, 32, 32, 32, 32, 32, 32, 32, 32, 32, 32, 32, 32, 32, 32, 32, 32, 32, 32, 32, 32, 32]",1,32,32,896,0.10444799810647964,0.10496079839766026,0.002129223062522221,1024.0,896.0,32.0,32.0,16.0,28.0,32.0,48.0,6.928203230275509,2.0,16.0,221.70250336881628,28672.0,896.0,512.0,1536.0,28672.0,32768.0,32768.0,1024.0,28672.0,896.0,32.0,29.93325909419153,6.932447891572509,6.799055862058796,802816.0,1024.0,1048576.0
triton,"[16, 16, 16, 16, 16, 16, 16, 16, 16, 16, 16, 16, 16, 16, 16, 16, 16, 16, 16, 16, 16, 16, 16, 16, 32, 32, 32, 32, 32, 32, 32, 32]",1,32,32,640,0.09011200070381165,0.0905504009872675,0.0023505413816707404,1024.0,640.0,32.0,32.0,16.0,20.0,32.0,48.0,6.928203230275509,2.0,16.0,221.70250336881628,20480.0,640.0,512.0,1536.0,20480.0,32768.0,32768.0,1024.0,20480.0,640.0,32.0,25.298221281347036,6.932447891572509,6.46302945692067,409600.0,1024.0,1048576.0
triton,"[16, 16, 16, 16, 16, 16, 16, 16, 16, 16, 16, 16, 16, 16, 16, 16, 64, 64, 64, 64, 64, 64, 64, 64, 64, 64, 64, 64, 64, 64, 64, 64]",1,32,64,1280,0.16281600296497345,0.16267007917165757,0.0018468007986626959,2048.0,1280.0,32.0,64.0,16.0,40.0,32.0,576.0,24.0,4.0,48.0,1536.0,40960.0,1280.0,512.0,18432.0,81920.0,65536.0,131072.0,2048.0,40960.0,1280.0,45.254833995939045,35.77708763999664,7.6251071482389,7.155396301896734,1638400.0,4096.0,4194304.0
triton,"[16, 16, 16, 16, 16, 16, 16, 16, 64, 64, 64, 64, 64, 64, 64, 64, 64, 64, 64, 64, 64, 64, 64, 64, 64, 64, 64, 64, 64, 64, 64, 64]",1,32,64,1664,0.19763199985027313,0.19779007971286774,0.002011846132530134,2048.0,1664.0,32.0,64.0,16.0,52.0,32.0,432.0,20.784609690826528,4.0,48.0,1330.2150202128978,53248.0,1664.0,512.0,13824.0,106496.0,65536.0,131072.0,2048.0,53248.0,1664.0,45.254833995939045,40.792156108742276,7.6251071482389,7.417580402414544,2768896.0,4096.0,4194304.0
triton,"[16, 16, 16, 16, 16, 16, 16, 16, 16, 16, 16, 16, 16, 16, 16, 16, 16, 16, 16, 16, 16, 16, 16, 16, 64, 64, 64, 64, 64, 64, 64, 64]",1,32,64,896,0.13209599256515503,0.1317505580931902,0.001873268737819926,2048.0,896.0,32.0,64.0,16.0,28.0,32.0,432.0,20.784609690826528,4.0,48.0,1330.2150202128978,28672.0,896.0,512.0,13824.0,57344.0,65536.0,131072.0,2048.0,28672.0,896.0,45.254833995939045,29.93325909419153,7.6251071482389,6.799055862058796,802816.0,4096.0,4194304.0
triton,"[32, 32, 32, 32, 32, 32, 32, 32, 32, 32, 32, 32, 32, 32, 32, 32, 64, 64, 64, 64, 64, 64, 64, 64, 64, 64, 64, 64, 64, 64, 64, 64]",1,32,64,1536,0.18432000279426575,0.18441823929548262,0.002430278630869208,2048.0,1536.0,32.0,64.0,32.0,48.0,32.0,256.0,16.0,2.0,32.0,1024.0,49152.0,1536.0,1024.0,8192.0,98304.0,65536.0,131072.0,2048.0,49152.0,1536.0,45.254833995939045,39.191835884530846,7.6251071482389,7.337587743538596,2359296.0,4096.0,4194304.0
triton,"[32, 32, 32, 32, 32, 32, 32, 32, 64, 64, 64, 64, 64, 64, 64, 64, 64, 64, 64, 64, 64, 64, 64, 64, 64, 64, 64, 64, 64, 64, 64, 64]",1,32,64,1792,0.2088959962129593,0.20930752024054528,0.0020061601422494777,2048.0,1792.0,32.0,64.0,32.0,56.0,32.0,192.0,13.856406460551018,2.0,32.0,886.8100134752651,57344.0,1792.0,1024.0,6144.0,114688.0,65536.0,131072.0,2048.0,57344.0,1792.0,45.254833995939045,42.33202097703345,7.6251071482389,7.491645473605133,3211264.0,4096.0,4194304.0
triton,"[32, 32, 32, 32, 32, 32, 32, 32, 32, 32, 32, 32, 32, 32, 32, 32, 32, 32, 32, 32, 32, 32, 32, 32, 64, 64, 64, 64, 64, 64, 64, 64]",1,32,64,1280,0.16383999586105347,0.16431327983736993,0.0019107849152825947,2048.0,1280.0,32.0,64.0,32.0,40.0,32.0,192.0,13.856406460551018,2.0,32.0,886.8100134752651,40960.0,1280.0,1024.0,6144.0,81920.0,65536.0,131072.0,2048.0,40960.0,1280.0,45.254833995939045,35.77708763999664,7.6251071482389,7.155396301896734,1638400.0,4096.0,4194304.0
csgmv,"[8, 8, 8, 8]",1,4,8,32,0.12110399827361107,0.12164432015269995,0.0025231617947547454,32.0,32.0,4.0,8.0,8.0,8.0,4.0,0.0,0.0,1.0,0.0,0.0,128.0,32.0,32.0,0.0,256.0,128.0,256.0,32.0,128.0,32.0,5.656854249492381,5.656854249492381,3.4965075614664802,3.4965075614664802,1024.0,64.0,1024.0
csgmv,"[16, 16, 16, 16]",1,4,16,64,0.11980800330638885,0.12038912061601877,0.002760722921237346,64.0,64.0,4.0,16.0,16.0,16.0,4.0,0.0,0.0,1.0,0.0,0.0,256.0,64.0,64.0,0.0,1024.0,256.0,1024.0,64.0,256.0,64.0,8.0,8.0,4.174387269895637,4.174387269895637,4096.0,256.0,4096.0
csgmv,"[32, 32, 32, 32]",1,4,32,128,0.12270400300621986,0.12321247927844524,0.0029707599464526527,128.0,128.0,4.0,32.0,32.0,32.0,4.0,0.0,0.0,1.0,0.0,0.0,512.0,128.0,128.0,0.0,4096.0,512.0,4096.0,128.0,512.0,128.0,11.313708498984761,11.313708498984761,4.859812404361672,4.859812404361672,16384.0,1024.0,16384.0
csgmv,"[64, 64, 64, 64]",1,4,64,256,0.12697599828243256,0.12724800132215022,0.0022639725360137173,256.0,256.0,4.0,64.0,64.0,64.0,4.0,0.0,0.0,1.0,0.0,0.0,1024.0,256.0,256.0,0.0,16384.0,1024.0,16384.0,256.0,1024.0,256.0,16.0,16.0,5.54907608489522,5.54907608489522,65536.0,4096.0,65536.0
csgmv,"[8, 8, 8, 8, 8, 8, 8, 8]",1,8,8,64,0.11988799646496773,0.12047248091548682,0.002190309633121329,64.0,64.0,8.0,8.0,8.0,8.0,8.0,0.0,0.0,1.0,0.0,0.0,512.0,64.0,64.0,0.0,512.0,512.0,512.0,64.0,512.0,64.0,8.0,8.0,4.174387269895637,4.174387269895637,4096.0,64.0,4096.0
csgmv,"[16, 16, 16, 16, 16, 16, 16, 16]",1,8,16,128,0.12172800302505493,0.12205712031573057,0.002818374236986487,128.0,128.0,8.0,16.0,16.0,16.0,8.0,0.0,0.0,1.0,0.0,0.0,1024.0,128.0,128.0,0.0,2048.0,1024.0,2048.0,128.0,1024.0,128.0,11.313708498984761,11.313708498984761,4.859812404361672,4.859812404361672,16384.0,256.0,16384.0
csgmv,"[32, 32, 32, 32, 32, 32, 32, 32]",1,8,32,256,0.1263199970126152,0.12654016081243755,0.002219043792867485,256.0,256.0,8.0,32.0,32.0,32.0,8.0,0.0,0.0,1.0,0.0,0.0,2048.0,256.0,256.0,0.0,8192.0,2048.0,8192.0,256.0,2048.0,256.0,16.0,16.0,5.54907608489522,5.54907608489522,65536.0,1024.0,65536.0
csgmv,"[64, 64, 64, 64, 64, 64, 64, 64]",1,8,64,512,0.14643199741840363,0.14649312123656272,0.001943780875531906,512.0,512.0,8.0,64.0,64.0,64.0,8.0,0.0,0.0,1.0,0.0,0.0,4096.0,512.0,512.0,0.0,32768.0,4096.0,32768.0,512.0,4096.0,512.0,22.627416997969522,22.627416997969522,6.240275845170769,6.240275845170769,262144.0,4096.0,262144.0
csgmv,"[8, 8, 8, 8, 8, 8, 8, 8, 8, 8, 8, 8, 8, 8, 8, 8]",1,16,8,128,0.12800000607967377,0.12805440030992032,0.0021216455301765495,128.0,128.0,16.0,8.0,8.0,8.0,16.0,0.0,0.0,1.0,0.0,0.0,2048.0,128.0,128.0,0.0,1024.0,2048.0,1024.0,128.0,2048.0,128.0,11.313708498984761,11.313708498984761,4.859812404361672,4.859812404361672,16384.0,64.0,16384.0
csgmv,"[16, 16, 16, 16, 16, 16, 16, 16, 16, 16, 16, 16, 16, 16, 16, 16]",1,16,16,256,0.12830399721860886,0.1288145611435175,0.002363077243871364,256.0,256.0,16.0,16.0,16.0,16.0,16.0,0.0,0.0,1.0,0.0,0.0,4096.0,256.0,256.0,0.0,4096.0,4096.0,4096.0,256.0,4096.0,256.0,16.0,16.0,5.54907608489522,5.54907608489522,65536.0,256.0,65536.0
csgmv,"[32, 32, 32, 32, 32, 32, 32, 32, 32, 32, 32, 32, 32, 32, 32, 32]",1,16,32,512,0.13942399621009827,0.13980399928987025,0.0017096715704380345,512.0,512.0,16.0,32.0,32.0,32.0,16.0,0.0,0.0,1.0,0.0,0.0,8192.0,512.0,512.0,0.0,16384.0,8192.0,16384.0,512.0,8192.0,512.0,22.627416997969522,22.627416997969522,6.240275845170769,6.240275845170769,262144.0,1024.0,262144.0
csgmv,"[64, 64, 64, 64, 64, 64, 64, 64, 64, 64, 64, 64, 64, 64, 64, 64]",1,16,64,1024,0.20787200331687927,0.208014400228858,0.0022128737440183905,1024.0,1024.0,16.0,64.0,64.0,64.0,16.0,0.0,0.0,1.0,0.0,0.0,16384.0,1024.0,1024.0,0.0,65536.0,16384.0,65536.0,1024.0,16384.0,1024.0,32.0,32.0,6.932447891572509,6.932447891572509,1048576.0,4096.0,1048576.0
csgmv,"[8, 8, 8, 8, 8, 8, 8, 8, 8, 8, 8, 8, 8, 8, 8, 8, 8, 8, 8, 8, 8, 8, 8, 8, 8, 8, 8, 8, 8, 8, 8, 8]",1,32,8,256,0.14592000097036362,0.14610960125923156,0.001787539758593983,256.0,256.0,32.0,8.0,8.0,8.0,32.0,0.0,0.0,1.0,0.0,0.0,8192.0,256.0,256.0,0.0,2048.0,8192.0,2048.0,256.0,8192.0,256.0,16.0,16.0,5.54907608489522,5.54907608489522,65536.0,64.0,65536.0
csgmv,"[16, 16, 16, 16, 16, 16, 16, 16, 16, 16, 16, 16, 16, 16, 16, 16, 16, 16, 16, 16, 16, 16, 16, 16, 16, 16, 16, 16, 16, 16, 16, 16]",1,32,16,512,0.14867199957370758,0.14911088079214097,0.0020297617846080163,512.0,512.0,32.0,16.0,16.0,16.0,32.0,0.0,0.0,1.0,0.0,0.0,16384.0,512.0,512.0,0.0,8192.0,16384.0,8192.0,512.0,16384.0,512.0,22.627416997969522,22.627416997969522,6.240275845170769,6.240275845170769,262144.0,256.0,262144.0
csgmv,"[32, 32, 32, 32, 32, 32, 32, 32, 32, 32, 32, 32, 32, 32, 32, 32, 32, 32, 32, 32, 32, 32, 32, 32, 32, 32, 32, 32, 32, 32, 32, 32]",1,32,32,1024,0.19865599274635315,0.1984911983460188,0.0016968064725815188,1024.0,1024.0,32.0,32.0,32.0,32.0,32.0,0.0,0.0,1.0,0.0,0.0,32768.0,1024.0,1024.0,0.0,32768.0,32768.0,32768.0,1024.0,32768.0,1024.0,32.0,32.0,6.932447891572509,6.932447891572509,1048576.0,1024.0,1048576.0
csgmv,"[64, 64, 64, 64, 64, 64, 64, 64, 64, 64, 64, 64, 64, 64, 64, 64, 64, 64, 64, 64, 64, 64, 64, 64, 64, 64, 64, 64, 64, 64, 64, 64]",1,32,64,2048,0.30617600679397583,0.306007201820612,0.001813907958167307,2048.0,2048.0,32.0,64.0,64.0,64.0,32.0,0.0,0.0,1.0,0.0,0.0,65536.0,2048.0,2048.0,0.0,131072.0,65536.0,131072.0,2048.0,65536.0,2048.0,45.254833995939045,45.254833995939045,7.6251071482389,7.6251071482389,4194304.0,4096.0,4194304.0
csgmv,"[8, 8, 16, 16]",1,4,16,48,0.12275200337171555,0.1229283194988966,0.004798142137822475,64.0,48.0,4.0,16.0,8.0,12.0,4.0,16.0,4.0,2.0,8.0,64.0,192.0,48.0,32.0,64.0,768.0,256.0,1024.0,64.0,192.0,48.0,8.0,6.928203230275509,4.174387269895637,3.8918202981106265,2304.0,256.0,4096.0
csgmv,"[8, 16, 16, 16]",1,4,16,56,0.12185599654912949,0.12187151983380318,0.002037620531665967,64.0,56.0,4.0,16.0,8.0,14.0,4.0,12.0,3.4641016151377544,2.0,8.0,55.42562584220407,224.0,56.0,32.0,48.0,896.0,256.0,1024.0,64.0,224.0,56.0,8.0,7.483314773547883,4.174387269895637,4.04305126783455,3136.0,256.0,4096.0
csgmv,"[8, 8, 8, 16]",1,4,16,40,0.12185599654912949,0.12203263938426971,0.0017057766590918737,64.0,40.0,4.0,16.0,8.0,10.0,4.0,12.0,3.4641016151377544,2.0,8.0,55.42562584220407,160.0,40.0,32.0,48.0,640.0,256.0,1024.0,64.0,160.0,40.0,8.0,6.324555320336759,4.174387269895637,3.713572066704308,1600.0,256.0,4096.0
csgmv,"[8, 8, 32, 32]",1,4,32,80,0.12108799815177917,0.12131824020296335,0.0017764943229529773,128.0,80.0,4.0,32.0,8.0,20.0,4.0,144.0,12.0,4.0,24.0,384.0,320.0,80.0,32.0,576.0,2560.0,512.0,4096.0,128.0,320.0,80.0,11.313708498984761,8.94427190999916,4.859812404361672,4.394449154672439,6400.0,1024.0,16384.0
csgmv,"[8, 32, 32, 32]",1,4,32,104,0.12083200365304947,0.12098208025097847,0.0017580508120889713,128.0,104.0,4.0,32.0,8.0,26.0,4.0,108.0,10.392304845413264,4.0,24.0,332.55375505322445,416.0,104.0,32.0,432.0,3328.0,512.0,4096.0,128.0,416.0,104.0,11.313708498984761,10.198039027185569,4.859812404361672,4.653960350157523,10816.0,1024.0,16384.0
csgmv,"[8, 8, 8, 32]",1,4,32,56,0.1228799968957901,0.12310735926032067,0.002165923363129005,128.0,56.0,4.0,32.0,8.0,14.0,4.0,108.0,10.392304845413264,4.0,24.0,332.55375505322445,224.0,56.0,32.0,432.0,1792.0,512.0,4096.0,128.0,224.0,56.0,11.313708498984761,7.483314773547883,4.859812404361672,4.04305126783455,3136.0,1024.0,16384.0
csgmv,"[8, 8, 64, 64]",1,4,64,144,0.12390399724245071,0.12403999883681535,0.0017410589561787004,256.0,144.0,4.0,64.0,8.0,36.0,4.0,784.0,28.0,8.0,56.0,1792.0,576.0,144.0,32.0,3136.0,9216.0,1024.0,16384.0,256.0,576.0,144.0,16.0,12.0,5.54907608489522,4.976733742420574,20736.0,4096.0,65536.0
csgmv,"[8, 64, 64, 64]",1,4,64,200,0.12697599828243256,0.12740304104983807,0.0016411615572180151,256.0,200.0,4.0,64.0,8.0,50.0,4.0,588.0,24.24871130596428,8.0,56.0,1551.917523581714,800.0,200.0,32.0,2352.0,12800.0,1024.0,16384.0,256.0,800.0,200.0,16.0,14.142135623730951,5.54907608489522,5.303304908059076,40000.0,4096.0,65536.0
csgmv,"[8, 8, 8, 64]",1,4,64,88,0.12267200276255608,0.12260623909533024,0.0019693253846365696,256.0,88.0,4.0,64.0,8.0,22.0,4.0,588.0,24.24871130596428,8.0,56.0,1551.917523581714,352.0,88.0,32.0,2352.0,5632.0,1024.0,16384.0,256.0,352.0,88.0,16.0,9.38083151964686,5.54907608489522,4.48863636973214,7744.0,4096.0,65536.0
csgmv,"[16, 16, 32, 32]",1,4,32,96,0.12046400085091591,0.12052976094186306,0.0019516601659010004,128.0,96.0,4.0,32.0,16.0,24.0,4.0,64.0,8.0,2.0,16.0,256.0,384.0,96.0,64.0,256.0,3072.0,512.0,4096.0,128.0,384.0,96.0,11.313708498984761,9.797958971132712,4.859812404361672,4.574710978503383,9216.0,1024.0,16384.0
csgmv,"[16, 32, 32, 32]",1,4,32,112,0.1218239963054657,0.12189727995544672,0.002371462490867581,128.0,112.0,4.0,32.0,16.0,28.0,4.0,48.0,6.928203230275509,2.0,16.0,221.70250336881628,448.0,112.0,64.0,192.0,3584.0,512.0,4096.0,128.0,448.0,112.0,11.313708498984761,10.583005244258363,4.859812404361672,4.727387818712341,12544.0,1024.0,16384.0
csgmv,"[16, 16, 16, 32]",1,4,32,80,0.1228799968957901,0.12293215945363045,0.001975141892786525,128.0,80.0,4.0,32.0,16.0,20.0,4.0,48.0,6.928203230275509,2.0,16.0,221.70250336881628,320.0,80.0,64.0,192.0,2560.0,512.0,4096.0,128.0,320.0,80.0,11.313708498984761,8.94427190999916,4.859812404361672,4.394449154672439,6400.0,1024.0,16384.0
csgmv,"[16, 16, 64, 64]",1,4,64,160,0.12492799758911133,0.1251310396566987,0.0016413934415326116,256.0,160.0,4.0,64.0,16.0,40.0,4.0,576.0,24.0,4.0,48.0,1536.0,640.0,160.0,64.0,2304.0,10240.0,1024.0,16384.0,256.0,640.0,160.0,16.0,12.649110640673518,5.54907608489522,5.081404364984463,25600.0,4096.0,65536.0
csgmv,"[16, 64, 64, 64]",1,4,64,208,0.12697599828243256,0.12719744116067885,0.0018636289337130895,256.0,208.0,4.0,64.0,16.0,52.0,4.0,432.0,20.784609690826528,4.0,48.0,1330.2150202128978,832.0,208.0,64.0,1728.0,13312.0,1024.0,16384.0,256.0,832.0,208.0,16.0,14.422205101855956,5.54907608489522,5.342334251964811,43264.0,4096.0,65536.0
csgmv,"[16, 16, 16, 64]",1,4,64,112,0.12281599640846252,0.12278095912188292,0.0020360744432434087,256.0,112.0,4.0,64.0,16.0,28.0,4.0,432.0,20.784609690826528,4.0,48.0,1330.2150202128978,448.0,112.0,64.0,1728.0,7168.0,1024.0,16384.0,256.0,448.0,112.0,16.0,10.583005244258363,5.54907608489522,4.727387818712341,12544.0,4096.0,65536.0
csgmv,"[32, 32, 64, 64]",1,4,64,192,0.12412799894809723,0.12494175929576158,0.003408029975684509,256.0,192.0,4.0,64.0,32.0,48.0,4.0,256.0,16.0,2.0,32.0,1024.0,768.0,192.0,128.0,1024.0,12288.0,1024.0,16384.0,256.0,768.0,192.0,16.0,13.856406460551018,5.54907608489522,5.262690188904886,36864.0,4096.0,65536.0
csgmv,"[32, 64, 64, 64]",1,4,64,224,0.12492799758911133,0.1253951997309923,0.002343189511839169,256.0,224.0,4.0,64.0,32.0,56.0,4.0,192.0,13.856406460551018,2.0,32.0,886.8100134752651,896.0,224.0,128.0,768.0,14336.0,1024.0,16384.0,256.0,896.0,224.0,16.0,14.966629547095765,5.54907608489522,5.41610040220442,50176.0,4096.0,65536.0
csgmv,"[32, 32, 32, 64]",1,4,64,160,0.12311999872326851,0.12382271893322468,0.006099782358500881,256.0,160.0,4.0,64.0,32.0,40.0,4.0,192.0,13.856406460551018,2.0,32.0,886.8100134752651,640.0,160.0,128.0,768.0,10240.0,1024.0,16384.0,256.0,640.0,160.0,16.0,12.649110640673518,5.54907608489522,5.081404364984463,25600.0,4096.0,65536.0
csgmv,"[8, 8, 8, 8, 16, 16, 16, 16]",1,8,16,96,0.12156800180673599,0.12162800014019012,0.0016724486068524084,128.0,96.0,8.0,16.0,8.0,12.0,8.0,16.0,4.0,2.0,8.0,64.0,768.0,96.0,64.0,128.0,1536.0,1024.0,2048.0,128.0,768.0,96.0,11.313708498984761,9.797958971132712,4.859812404361672,4.574710978503383,9216.0,256.0,16384.0
csgmv,"[8, 8, 16, 16, 16, 16, 16, 16]",1,8,16,112,0.12220799922943115,0.1224807994440198,0.001969300340683624,128.0,112.0,8.0,16.0,8.0,14.0,8.0,12.0,3.4641016151377544,2.0,8.0,55.42562584220407,896.0,112.0,64.0,96.0,1792.0,1024.0,2048.0,128.0,896.0,112.0,11.313708498984761,10.583005244258363,4.859812404361672,4.727387818712341,12544.0,256.0,16384.0
csgmv,"[8, 8, 8, 8, 8, 8, 16, 16]",1,8,16,80,0.12119999900460243,0.12158447977155447,0.0019649944998182964,128.0,80.0,8.0,16.0,8.0,10.0,8.0,12.0,3.4641016151377544,2.0,8.0,55.42562584220407,640.0,80.0,64.0,96.0,1280.0,1024.0,2048.0,128.0,640.0,80.0,11.313708498984761,8.94427190999916,4.859812404361672,4.394449154672439,6400.0,256.0,16384.0
csgmv,"[8, 8, 8, 8, 32, 32, 32, 32]",1,8,32,160,0.12595200538635254,0.12632288079708814,0.002222706724075834,256.0,160.0,8.0,32.0,8.0,20.0,8.0,144.0,12.0,4.0,24.0,384.0,1280.0,160.0,64.0,1152.0,5120.0,2048.0,8192.0,256.0,1280.0,160.0,16.0,12.649110640673518,5.54907608489522,5.081404364984463,25600.0,1024.0,65536.0
csgmv,"[8, 8, 32, 32, 32, 32, 32, 32]",1,8,32,208,0.12492799758911133,0.1253471999615431,0.0015286896632826542,256.0,208.0,8.0,32.0,8.0,26.0,8.0,108.0,10.392304845413264,4.0,24.0,332.55375505322445,1664.0,208.0,64.0,864.0,6656.0,2048.0,8192.0,256.0,1664.0,208.0,16.0,14.422205101855956,5.54907608489522,5.342334251964811,43264.0,1024.0,65536.0
csgmv,"[8, 8, 8, 8, 8, 8, 32, 32]",1,8,32,112,0.12590400129556656,0.1259737601131201,0.002167018713419418,256.0,112.0,8.0,32.0,8.0,14.0,8.0,108.0,10.392304845413264,4.0,24.0,332.55375505322445,896.0,112.0,64.0,864.0,3584.0,2048.0,8192.0,256.0,896.0,112.0,16.0,10.583005244258363,5.54907608489522,4.727387818712341,12544.0,1024.0,65536.0
csgmv,"[8, 8, 8, 8, 64, 64, 64, 64]",1,8,64,288,0.13728000223636627,0.13750239863991737,0.0021930502687963096,512.0,288.0,8.0,64.0,8.0,36.0,8.0,784.0,28.0,8.0,56.0,1792.0,2304.0,288.0,64.0,6272.0,18432.0,4096.0,32768.0,512.0,2304.0,288.0,22.627416997969522,16.97056274847714,6.240275845170769,5.666426688112432,82944.0,4096.0,262144.0
csgmv,"[8, 8, 64, 64, 64, 64, 64, 64]",1,8,64,400,0.14233599603176117,0.14229839943349362,0.0020940539291338946,512.0,400.0,8.0,64.0,8.0,50.0,8.0,588.0,24.24871130596428,8.0,56.0,1551.917523581714,3200.0,400.0,64.0,4704.0,25600.0,4096.0,32768.0,512.0,3200.0,400.0,22.627416997969522,20.0,6.240275845170769,5.993961427306569,160000.0,4096.0,262144.0
csgmv,"[8, 8, 8, 8, 8, 8, 64, 64]",1,8,64,176,0.13014400005340576,0.1306961613893509,0.0019828840516046076,512.0,176.0,8.0,64.0,8.0,22.0,8.0,588.0,24.24871130596428,8.0,56.0,1551.917523581714,1408.0,176.0,64.0,4704.0,11264.0,4096.0,32768.0,512.0,1408.0,176.0,22.627416997969522,13.2664991614216,6.240275845170769,5.176149732573829,30976.0,4096.0,262144.0
csgmv,"[16, 16, 16, 16, 32, 32, 32, 32]",1,8,32,192,0.12534399330615997,0.1257014401629567,0.001995979730609214,256.0,192.0,8.0,32.0,16.0,24.0,8.0,64.0,8.0,2.0,16.0,256.0,1536.0,192.0,128.0,512.0,6144.0,2048.0,8192.0,256.0,1536.0,192.0,16.0,13.856406460551018,5.54907608489522,5.262690188904886,36864.0,1024.0,65536.0
csgmv,"[16, 16, 32, 32, 32, 32, 32, 32]",1,8,32,224,0.1250080019235611,0.12549040004611015,0.002252660442006463,256.0,224.0,8.0,32.0,16.0,28.0,8.0,48.0,6.928203230275509,2.0,16.0,221.70250336881628,1792.0,224.0,128.0,384.0,7168.0,2048.0,8192.0,256.0,1792.0,224.0,16.0,14.966629547095765,5.54907608489522,5.41610040220442,50176.0,1024.0,65536.0
csgmv,"[16, 16, 16, 16, 16, 16, 32, 32]",1,8,32,160,0.12299199774861336,0.12350367870181798,0.0019300219149105868,256.0,160.0,8.0,32.0,16.0,20.0,8.0,48.0,6.928203230275509,2.0,16.0,221.70250336881628,1280.0,160.0,128.0,384.0,5120.0,2048.0,8192.0,256.0,1280.0,160.0,16.0,12.649110640673518,5.54907608489522,5.081404364984463,25600.0,1024.0,65536.0
csgmv,"[16, 16, 16, 16, 64, 64, 64, 64]",1,8,64,320,0.13625600188970566,0.13703183896839619,0.0023748783314930804,512.0,320.0,8.0,64.0,16.0,40.0,8.0,576.0,24.0,4.0,48.0,1536.0,2560.0,320.0,128.0,4608.0,20480.0,4096.0,32768.0,512.0,2560.0,320.0,22.627416997969522,17.88854381999832,6.240275845170769,5.771441123130016,102400.0,4096.0,262144.0
csgmv,"[16, 16, 64, 64, 64, 64, 64, 64]",1,8,64,416,0.14131200313568115,0.14144063912332058,0.0018947323605368912,512.0,416.0,8.0,64.0,16.0,52.0,8.0,432.0,20.784609690826528,4.0,48.0,1330.2150202128978,3328.0,416.0,128.0,3456.0,26624.0,4096.0,32768.0,512.0,3328.0,416.0,22.627416997969522,20.396078054371138,6.240275845170769,6.0330862217988015,173056.0,4096.0,262144.0
csgmv,"[16, 16, 16, 16, 16, 16, 64, 64]",1,8,64,224,0.12902399897575378,0.12945584066212176,0.0018948693544829785,512.0,224.0,8.0,64.0,16.0,28.0,8.0,432.0,20.784609690826528,4.0,48.0,1330.2150202128978,1792.0,224.0,128.0,3456.0,14336.0,4096.0,32768.0,512.0,1792.0,224.0,22.627416997969522,14.966629547095765,6.240275845170769,5.41610040220442,50176.0,4096.0,262144.0
csgmv,"[32, 32, 32, 32, 64, 64, 64, 64]",1,8,64,384,0.14001599699258804,0.1399263995140791,0.0017202259348049565,512.0,384.0,8.0,64.0,32.0,48.0,8.0,256.0,16.0,2.0,32.0,1024.0,3072.0,384.0,256.0,2048.0,24576.0,4096.0,32768.0,512.0,3072.0,384.0,22.627416997969522,19.595917942265423,6.240275845170769,5.953243334287785,147456.0,4096.0,262144.0
csgmv,"[32, 32, 64, 64, 64, 64, 64, 64]",1,8,64,448,0.142752006649971,0.14315855987370013,0.001827606105147359,512.0,448.0,8.0,64.0,32.0,56.0,8.0,192.0,13.856406460551018,2.0,32.0,886.8100134752651,3584.0,448.0,256.0,1536.0,28672.0,4096.0,32768.0,512.0,3584.0,448.0,22.627416997969522,21.166010488516726,6.240275845170769,6.1070228877422545,200704.0,4096.0,262144.0
csgmv,"[32, 32, 32, 32, 32, 32, 64, 64]",1,8,64,320,0.13619199395179749,0.1362623993307352,0.0019096763985917765,512.0,320.0,8.0,64.0,32.0,40.0,8.0,192.0,13.856406460551018,2.0,32.0,886.8100134752651,2560.0,320.0,256.0,1536.0,20480.0,4096.0,32768.0,512.0,2560.0,320.0,22.627416997969522,17.88854381999832,6.240275845170769,5.771441123130016,102400.0,4096.0,262144.0
csgmv,"[8, 8, 8, 8, 8, 8, 8, 8, 16, 16, 16, 16, 16, 16, 16, 16]",1,16,16,192,0.12902399897575378,0.12930064134299754,0.0012619158659539255,256.0,192.0,16.0,16.0,8.0,12.0,16.0,16.0,4.0,2.0,8.0,64.0,3072.0,192.0,128.0,256.0,3072.0,4096.0,4096.0,256.0,3072.0,192.0,16.0,13.856406460551018,5.54907608489522,5.262690188904886,36864.0,256.0,65536.0
csgmv,"[8, 8, 8, 8, 16, 16, 16, 16, 16, 16, 16, 16, 16, 16, 16, 16]",1,16,16,224,0.12777599692344666,0.12793872147798538,0.002185493451066949,256.0,224.0,16.0,16.0,8.0,14.0,16.0,12.0,3.4641016151377544,2.0,8.0,55.42562584220407,3584.0,224.0,128.0,192.0,3584.0,4096.0,4096.0,256.0,3584.0,224.0,16.0,14.966629547095765,5.54907608489522,5.41610040220442,50176.0,256.0,65536.0
csgmv,"[8, 8, 8, 8, 8, 8, 8, 8, 8, 8, 8, 8, 16, 16, 16, 16]",1,16,16,160,0.12716799974441528,0.12769056133925916,0.002010415149406378,256.0,160.0,16.0,16.0,8.0,10.0,16.0,12.0,3.4641016151377544,2.0,8.0,55.42562584220407,2560.0,160.0,128.0,192.0,2560.0,4096.0,4096.0,256.0,2560.0,160.0,16.0,12.649110640673518,5.54907608489522,5.081404364984463,25600.0,256.0,65536.0
csgmv,"[8, 8, 8, 8, 8, 8, 8, 8, 32, 32, 32, 32, 32, 32, 32, 32]",1,16,32,320,0.13516800105571747,0.13521183848381044,0.0018186710916355839,512.0,320.0,16.0,32.0,8.0,20.0,16.0,144.0,12.0,4.0,24.0,384.0,5120.0,320.0,128.0,2304.0,10240.0,8192.0,16384.0,512.0,5120.0,320.0,22.627416997969522,17.88854381999832,6.240275845170769,5.771441123130016,102400.0,1024.0,262144.0
csgmv,"[8, 8, 8, 8, 32, 32, 32, 32, 32, 32, 32, 32, 32, 32, 32, 32]",1,16,32,416,0.13619199395179749,0.13647679954767228,0.0016096165949970234,512.0,416.0,16.0,32.0,8.0,26.0,16.0,108.0,10.392304845413264,4.0,24.0,332.55375505322445,6656.0,416.0,128.0,1728.0,13312.0,8192.0,16384.0,512.0,6656.0,416.0,22.627416997969522,20.396078054371138,6.240275845170769,6.0330862217988015,173056.0,1024.0,262144.0
csgmv,"[8, 8, 8, 8, 8, 8, 8, 8, 8, 8, 8, 8, 32, 32, 32, 32]",1,16,32,224,0.13390400260686874,0.13398239865899086,0.0017090600560368458,512.0,224.0,16.0,32.0,8.0,14.0,16.0,108.0,10.392304845413264,4.0,24.0,332.55375505322445,3584.0,224.0,128.0,1728.0,7168.0,8192.0,16384.0,512.0,3584.0,224.0,22.627416997969522,14.966629547095765,6.240275845170769,5.41610040220442,50176.0,1024.0,262144.0
csgmv,"[8, 8, 8, 8, 8, 8, 8, 8, 64, 64, 64, 64, 64, 64, 64, 64]",1,16,64,576,0.17203199863433838,0.17253808230161666,0.00194182819262536,1024.0,576.0,16.0,64.0,8.0,36.0,16.0,784.0,28.0,8.0,56.0,1792.0,9216.0,576.0,128.0,12544.0,36864.0,16384.0,65536.0,1024.0,9216.0,576.0,32.0,24.0,6.932447891572509,6.3578422665081,331776.0,4096.0,1048576.0
csgmv,"[8, 8, 8, 8, 64, 64, 64, 64, 64, 64, 64, 64, 64, 64, 64, 64]",1,16,64,800,0.1865760013461113,0.18698607958853244,0.0019207028321710092,1024.0,800.0,16.0,64.0,8.0,50.0,16.0,588.0,24.24871130596428,8.0,56.0,1551.917523581714,12800.0,800.0,128.0,9408.0,51200.0,16384.0,65536.0,1024.0,12800.0,800.0,32.0,28.284271247461902,6.932447891572509,6.68586094706836,640000.0,4096.0,1048576.0
csgmv,"[8, 8, 8, 8, 8, 8, 8, 8, 8, 8, 8, 8, 64, 64, 64, 64]",1,16,64,352,0.15769599378108978,0.15760431811213493,0.0015446155827272016,1024.0,352.0,16.0,64.0,8.0,22.0,16.0,588.0,24.24871130596428,8.0,56.0,1551.917523581714,5632.0,352.0,128.0,9408.0,22528.0,16384.0,65536.0,1024.0,5632.0,352.0,32.0,18.76166303929372,6.932447891572509,5.8664680569332965,123904.0,4096.0,1048576.0
csgmv,"[16, 16, 16, 16, 16, 16, 16, 16, 32, 32, 32, 32, 32, 32, 32, 32]",1,16,32,384,0.13516800105571747,0.1353324781358242,0.002047427692229852,512.0,384.0,16.0,32.0,16.0,24.0,16.0,64.0,8.0,2.0,16.0,256.0,6144.0,384.0,256.0,1024.0,12288.0,8192.0,16384.0,512.0,6144.0,384.0,22.627416997969522,19.595917942265423,6.240275845170769,5.953243334287785,147456.0,1024.0,262144.0
csgmv,"[16, 16, 16, 16, 32, 32, 32, 32, 32, 32, 32, 32, 32, 32, 32, 32]",1,16,32,448,0.1374559998512268,0.13771023906767368,0.001636303963547113,512.0,448.0,16.0,32.0,16.0,28.0,16.0,48.0,6.928203230275509,2.0,16.0,221.70250336881628,7168.0,448.0,256.0,768.0,14336.0,8192.0,16384.0,512.0,7168.0,448.0,22.627416997969522,21.166010488516726,6.240275845170769,6.1070228877422545,200704.0,1024.0,262144.0
csgmv,"[16, 16, 16, 16, 16, 16, 16, 16, 16, 16, 16, 16, 32, 32, 32, 32]",1,16,32,320,0.13312000036239624,0.13337183907628058,0.0019012106278585208,512.0,320.0,16.0,32.0,16.0,20.0,16.0,48.0,6.928203230275509,2.0,16.0,221.70250336881628,5120.0,320.0,256.0,768.0,10240.0,8192.0,16384.0,512.0,5120.0,320.0,22.627416997969522,17.88854381999832,6.240275845170769,5.771441123130016,102400.0,1024.0,262144.0
csgmv,"[16, 16, 16, 16, 16, 16, 16, 16, 64, 64, 64, 64, 64, 64, 64, 64]",1,16,64,640,0.17203199863433838,0.17267712131142615,0.0019166408792908693,1024.0,640.0,16.0,64.0,16.0,40.0,16.0,576.0,24.0,4.0,48.0,1536.0,10240.0,640.0,256.0,9216.0,40960.0,16384.0,65536.0,1024.0,10240.0,640.0,32.0,25.298221281347036,6.932447891572509,6.46302945692067,409600.0,4096.0,1048576.0
csgmv,"[16, 16, 16, 16, 64, 64, 64, 64, 64, 64, 64, 64, 64, 64, 64, 64]",1,16,64,832,0.187391996383667,0.18746000036597252,0.001590840886425869,1024.0,832.0,16.0,64.0,16.0,52.0,16.0,432.0,20.784609690826528,4.0,48.0,1330.2150202128978,13312.0,832.0,256.0,6912.0,53248.0,16384.0,65536.0,1024.0,13312.0,832.0,32.0,28.844410203711913,6.932447891572509,6.725033642166843,692224.0,4096.0,1048576.0
csgmv,"[16, 16, 16, 16, 16, 16, 16, 16, 16, 16, 16, 16, 64, 64, 64, 64]",1,16,64,448,0.15769599378108978,0.15817295879125595,0.0016749749480557854,1024.0,448.0,16.0,64.0,16.0,28.0,16.0,432.0,20.784609690826528,4.0,48.0,1330.2150202128978,7168.0,448.0,256.0,6912.0,28672.0,16384.0,65536.0,1024.0,7168.0,448.0,32.0,21.166010488516726,6.932447891572509,6.1070228877422545,200704.0,4096.0,1048576.0
csgmv,"[32, 32, 32, 32, 32, 32, 32, 32, 64, 64, 64, 64, 64, 64, 64, 64]",1,16,64,768,0.18432000279426575,0.18438255913555623,0.0016414675476861269,1024.0,768.0,16.0,64.0,32.0,48.0,16.0,256.0,16.0,2.0,32.0,1024.0,12288.0,768.0,512.0,4096.0,49152.0,16384.0,65536.0,1024.0,12288.0,768.0,32.0,27.712812921102035,6.932447891572509,6.645090969505644,589824.0,4096.0,1048576.0
csgmv,"[32, 32, 32, 32, 64, 64, 64, 64, 64, 64, 64, 64, 64, 64, 64, 64]",1,16,64,896,0.19046400487422943,0.19104992143809796,0.0018914091090153893,1024.0,896.0,16.0,64.0,32.0,56.0,16.0,192.0,13.856406460551018,2.0,32.0,886.8100134752651,14336.0,896.0,512.0,3072.0,57344.0,16384.0,65536.0,1024.0,14336.0,896.0,32.0,29.93325909419153,6.932447891572509,6.799055862058796,802816.0,4096.0,1048576.0
csgmv,"[32, 32, 32, 32, 32, 32, 32, 32, 32, 32, 32, 32, 64, 64, 64, 64]",1,16,64,640,0.17203199863433838,0.17229392245411873,0.0017158771468294223,1024.0,640.0,16.0,64.0,32.0,40.0,16.0,192.0,13.856406460551018,2.0,32.0,886.8100134752651,10240.0,640.0,512.0,3072.0,40960.0,16384.0,65536.0,1024.0,10240.0,640.0,32.0,25.298221281347036,6.932447891572509,6.46302945692067,409600.0,4096.0,1048576.0
csgmv,"[8, 8, 8, 8, 8, 8, 8, 8, 8, 8, 8, 8, 8, 8, 8, 8, 16, 16, 16, 16, 16, 16, 16, 16, 16, 16, 16, 16, 16, 16, 16, 16]",1,32,16,384,0.1465120017528534,0.14680912099778654,0.0016033656219595694,512.0,384.0,32.0,16.0,8.0,12.0,32.0,16.0,4.0,2.0,8.0,64.0,12288.0,384.0,256.0,512.0,6144.0,16384.0,8192.0,512.0,12288.0,384.0,22.627416997969522,19.595917942265423,6.240275845170769,5.953243334287785,147456.0,256.0,262144.0
csgmv,"[8, 8, 8, 8, 8, 8, 8, 8, 16, 16, 16, 16, 16, 16, 16, 16, 16, 16, 16, 16, 16, 16, 16, 16, 16, 16, 16, 16, 16, 16, 16, 16]",1,32,16,448,0.14740800112485886,0.14748256094753742,0.0018532782322028538,512.0,448.0,32.0,16.0,8.0,14.0,32.0,12.0,3.4641016151377544,2.0,8.0,55.42562584220407,14336.0,448.0,256.0,384.0,7168.0,16384.0,8192.0,512.0,14336.0,448.0,22.627416997969522,21.166010488516726,6.240275845170769,6.1070228877422545,200704.0,256.0,262144.0
csgmv,"[8, 8, 8, 8, 8, 8, 8, 8, 8, 8, 8, 8, 8, 8, 8, 8, 8, 8, 8, 8, 8, 8, 8, 8, 16, 16, 16, 16, 16, 16, 16, 16]",1,32,16,320,0.14643199741840363,0.14669968105852604,0.0017869363801654387,512.0,320.0,32.0,16.0,8.0,10.0,32.0,12.0,3.4641016151377544,2.0,8.0,55.42562584220407,10240.0,320.0,256.0,384.0,5120.0,16384.0,8192.0,512.0,10240.0,320.0,22.627416997969522,17.88854381999832,6.240275845170769,5.771441123130016,102400.0,256.0,262144.0
csgmv,"[8, 8, 8, 8, 8, 8, 8, 8, 8, 8, 8, 8, 8, 8, 8, 8, 32, 32, 32, 32, 32, 32, 32, 32, 32, 32, 32, 32, 32, 32, 32, 32]",1,32,32,640,0.17852800339460373,0.1788379178196192,0.0016076095410146438,1024.0,640.0,32.0,32.0,8.0,20.0,32.0,144.0,12.0,4.0,24.0,384.0,20480.0,640.0,256.0,4608.0,20480.0,32768.0,32768.0,1024.0,20480.0,640.0,32.0,25.298221281347036,6.932447891572509,6.46302945692067,409600.0,1024.0,1048576.0
csgmv,"[8, 8, 8, 8, 8, 8, 8, 8, 32, 32, 32, 32, 32, 32, 32, 32, 32, 32, 32, 32, 32, 32, 32, 32, 32, 32, 32, 32, 32, 32, 32, 32]",1,32,32,832,0.18636800348758698,0.1862627198547125,0.0015304089733699578,1024.0,832.0,32.0,32.0,8.0,26.0,32.0,108.0,10.392304845413264,4.0,24.0,332.55375505322445,26624.0,832.0,256.0,3456.0,26624.0,32768.0,32768.0,1024.0,26624.0,832.0,32.0,28.844410203711913,6.932447891572509,6.725033642166843,692224.0,1024.0,1048576.0
csgmv,"[8, 8, 8, 8, 8, 8, 8, 8, 8, 8, 8, 8, 8, 8, 8, 8, 8, 8, 8, 8, 8, 8, 8, 8, 32, 32, 32, 32, 32, 32, 32, 32]",1,32,32,448,0.16793599724769592,0.16821616098284722,0.0017823638774682343,1024.0,448.0,32.0,32.0,8.0,14.0,32.0,108.0,10.392304845413264,4.0,24.0,332.55375505322445,14336.0,448.0,256.0,3456.0,14336.0,32768.0,32768.0,1024.0,14336.0,448.0,32.0,21.166010488516726,6.932447891572509,6.1070228877422545,200704.0,1024.0,1048576.0
csgmv,"[8, 8, 8, 8, 8, 8, 8, 8, 8, 8, 8, 8, 8, 8, 8, 8, 64, 64, 64, 64, 64, 64, 64, 64, 64, 64, 64, 64, 64, 64, 64, 64]",1,32,64,1152,0.23756800591945648,0.23778976149857045,0.0020620898113379075,2048.0,1152.0,32.0,64.0,8.0,36.0,32.0,784.0,28.0,8.0,56.0,1792.0,36864.0,1152.0,256.0,25088.0,73728.0,65536.0,131072.0,2048.0,36864.0,1152.0,45.254833995939045,33.94112549695428,7.6251071482389,7.050122520269059,1327104.0,4096.0,4194304.0
csgmv,"[8, 8, 8, 8, 8, 8, 8, 8, 64, 64, 64, 64, 64, 64, 64, 64, 64, 64, 64, 64, 64, 64, 64, 64, 64, 64, 64, 64, 64, 64, 64, 64]",1,32,64,1600,0.2682879865169525,0.26843407705426214,0.0019841360615635733,2048.0,1600.0,32.0,64.0,8.0,50.0,32.0,588.0,24.24871130596428,8.0,56.0,1551.917523581714,51200.0,1600.0,256.0,18816.0,102400.0,65536.0,131072.0,2048.0,51200.0,1600.0,45.254833995939045,40.0,7.6251071482389,7.3783837129967145,2560000.0,4096.0,4194304.0
csgmv,"[8, 8, 8, 8, 8, 8, 8, 8, 8, 8, 8, 8, 8, 8, 8, 8, 8, 8, 8, 8, 8, 8, 8, 8, 64, 64, 64, 64, 64, 64, 64, 64]",1,32,64,704,0.2051360011100769,0.20555647894740103,0.0017669053913774932,2048.0,704.0,32.0,64.0,8.0,22.0,32.0,588.0,24.24871130596428,8.0,56.0,1551.917523581714,22528.0,704.0,256.0,18816.0,45056.0,65536.0,131072.0,2048.0,22528.0,704.0,45.254833995939045,26.5329983228432,7.6251071482389,6.558197802812269,495616.0,4096.0,4194304.0
csgmv,"[16, 16, 16, 16, 16, 16, 16, 16, 16, 16, 16, 16, 16, 16, 16, 16, 32, 32, 32, 32, 32, 32, 32, 32, 32, 32, 32, 32, 32, 32, 32, 32]",1,32,32,768,0.17958399653434753,0.17979903757572174,0.0016858633834992364,1024.0,768.0,32.0,32.0,16.0,24.0,32.0,64.0,8.0,2.0,16.0,256.0,24576.0,768.0,512.0,2048.0,24576.0,32768.0,32768.0,1024.0,24576.0,768.0,32.0,27.712812921102035,6.932447891572509,6.645090969505644,589824.0,1024.0,1048576.0
csgmv,"[16, 16, 16, 16, 16, 16, 16, 16, 32, 32, 32, 32, 32, 32, 32, 32, 32, 32, 32, 32, 32, 32, 32, 32, 32, 32, 32, 32, 32, 32, 32, 32]",1,32,32,896,0.187391996383667,0.18763408042490481,0.0015898679575327675,1024.0,896.0,32.0,32.0,16.0,28.0,32.0,48.0,6.928203230275509,2.0,16.0,221.70250336881628,28672.0,896.0,512.0,1536.0,28672.0,32768.0,32768.0,1024.0,28672.0,896.0,32.0,29.93325909419153,6.932447891572509,6.799055862058796,802816.0,1024.0,1048576.0
csgmv,"[16, 16, 16, 16, 16, 16, 16, 16, 16, 16, 16, 16, 16, 16, 16, 16, 16, 16, 16, 16, 16, 16, 16, 16, 32, 32, 32, 32, 32, 32, 32, 32]",1,32,32,640,0.16868799924850464,0.16872704058885574,0.0013453750869101809,1024.0,640.0,32.0,32.0,16.0,20.0,32.0,48.0,6.928203230275509,2.0,16.0,221.70250336881628,20480.0,640.0,512.0,1536.0,20480.0,32768.0,32768.0,1024.0,20480.0,640.0,32.0,25.298221281347036,6.932447891572509,6.46302945692067,409600.0,1024.0,1048576.0
csgmv,"[16, 16, 16, 16, 16, 16, 16, 16, 16, 16, 16, 16, 16, 16, 16, 16, 64, 64, 64, 64, 64, 64, 64, 64, 64, 64, 64, 64, 64, 64, 64, 64]",1,32,64,1280,0.2396160066127777,0.23966432236135005,0.0018580510070614993,2048.0,1280.0,32.0,64.0,16.0,40.0,32.0,576.0,24.0,4.0,48.0,1536.0,40960.0,1280.0,512.0,18432.0,81920.0,65536.0,131072.0,2048.0,40960.0,1280.0,45.254833995939045,35.77708763999664,7.6251071482389,7.155396301896734,1638400.0,4096.0,4194304.0
csgmv,"[16, 16, 16, 16, 16, 16, 16, 16, 64, 64, 64, 64, 64, 64, 64, 64, 64, 64, 64, 64, 64, 64, 64, 64, 64, 64, 64, 64, 64, 64, 64, 64]",1,32,64,1664,0.2682879865169525,0.2688137573003769,0.0018102064970465332,2048.0,1664.0,32.0,64.0,16.0,52.0,32.0,432.0,20.784609690826528,4.0,48.0,1330.2150202128978,53248.0,1664.0,512.0,13824.0,106496.0,65536.0,131072.0,2048.0,53248.0,1664.0,45.254833995939045,40.792156108742276,7.6251071482389,7.417580402414544,2768896.0,4096.0,4194304.0
csgmv,"[16, 16, 16, 16, 16, 16, 16, 16, 16, 16, 16, 16, 16, 16, 16, 16, 16, 16, 16, 16, 16, 16, 16, 16, 64, 64, 64, 64, 64, 64, 64, 64]",1,32,64,896,0.2027519941329956,0.203409758284688,0.0019826367051093583,2048.0,896.0,32.0,64.0,16.0,28.0,32.0,432.0,20.784609690826528,4.0,48.0,1330.2150202128978,28672.0,896.0,512.0,13824.0,57344.0,65536.0,131072.0,2048.0,28672.0,896.0,45.254833995939045,29.93325909419153,7.6251071482389,6.799055862058796,802816.0,4096.0,4194304.0
csgmv,"[32, 32, 32, 32, 32, 32, 32, 32, 32, 32, 32, 32, 32, 32, 32, 32, 64, 64, 64, 64, 64, 64, 64, 64, 64, 64, 64, 64, 64, 64, 64, 64]",1,32,64,1536,0.2590720057487488,0.2589595218002796,0.0018453687199541202,2048.0,1536.0,32.0,64.0,32.0,48.0,32.0,256.0,16.0,2.0,32.0,1024.0,49152.0,1536.0,1024.0,8192.0,98304.0,65536.0,131072.0,2048.0,49152.0,1536.0,45.254833995939045,39.191835884530846,7.6251071482389,7.337587743538596,2359296.0,4096.0,4194304.0
csgmv,"[32, 32, 32, 32, 32, 32, 32, 32, 64, 64, 64, 64, 64, 64, 64, 64, 64, 64, 64, 64, 64, 64, 64, 64, 64, 64, 64, 64, 64, 64, 64, 64]",1,32,64,1792,0.27852800488471985,0.2789827226102352,0.001864021851018926,2048.0,1792.0,32.0,64.0,32.0,56.0,32.0,192.0,13.856406460551018,2.0,32.0,886.8100134752651,57344.0,1792.0,1024.0,6144.0,114688.0,65536.0,131072.0,2048.0,57344.0,1792.0,45.254833995939045,42.33202097703345,7.6251071482389,7.491645473605133,3211264.0,4096.0,4194304.0
csgmv,"[32, 32, 32, 32, 32, 32, 32, 32, 32, 32, 32, 32, 32, 32, 32, 32, 32, 32, 32, 32, 32, 32, 32, 32, 64, 64, 64, 64, 64, 64, 64, 64]",1,32,64,1280,0.2314240038394928,0.2315267200767994,0.0022877352947407114,2048.0,1280.0,32.0,64.0,32.0,40.0,32.0,192.0,13.856406460551018,2.0,32.0,886.8100134752651,40960.0,1280.0,1024.0,6144.0,81920.0,65536.0,131072.0,2048.0,40960.0,1280.0,45.254833995939045,35.77708763999664,7.6251071482389,7.155396301896734,1638400.0,4096.0,4194304.0
